bank,d,tt_buy,tt_sell,n_buy,n_sell,mid
cbsl,2005-01-03,103.52,104.57,,,
cbsl,2005-01-04,102.64,103.94,,,
cbsl,2005-01-05,100.12,101.76,,,
cbsl,2005-01-06,98.53,100.33,,,
cbsl,2005-01-07,98.58,100.24,,,
cbsl,2005-01-10,97.59,99.54,,,
cbsl,2005-01-11,97.4,99.11,,,
cbsl,2005-01-12,97.47,98.94,,,
cbsl,2005-01-13,97.58,99.05,,,
cbsl,2005-01-17,97.76,99.17,,,
cbsl,2005-01-18,97.79,99.18,,,
cbsl,2005-01-19,97.84,99.21,,,
cbsl,2005-01-20,97.87,99.18,,,
cbsl,2005-01-25,98,99.2,,,
cbsl,2005-01-26,98.12,99.31,,,
cbsl,2005-01-27,98.17,99.36,,,
cbsl,2005-01-28,98.58,99.64,,,
cbsl,2005-01-31,98.81,100.13,,,
cbsl,2005-02-01,98.48,99.8,,,
cbsl,2005-02-02,98.7,100,,,
cbsl,2005-02-03,98.78,100.03,,,
cbsl,2005-02-07,98.84,99.99,,,
cbsl,2005-02-08,98.94,99.97,,,
cbsl,2005-02-09,98.97,99.94,,,
cbsl,2005-02-10,99.03,99.92,,,
cbsl,2005-02-11,99.02,99.91,,,
cbsl,2005-02-14,99,99.93,,,
cbsl,2005-02-15,98.94,99.87,,,
cbsl,2005-02-16,98.93,99.86,,,
cbsl,2005-02-17,98.92,99.85,,,
cbsl,2005-02-18,98.94,99.77,,,
cbsl,2005-02-21,98.97,99.74,,,
cbsl,2005-02-22,98.92,99.79,,,
cbsl,2005-02-24,98.91,99.78,,,
cbsl,2005-02-25,98.91,99.82,,,
cbsl,2005-02-28,98.97,99.9,,,
cbsl,2005-03-01,99.01,99.92,,,
cbsl,2005-03-02,99.07,99.97,,,
cbsl,2005-03-03,99.14,100.04,,,
cbsl,2005-03-04,99.2,100.12,,,
cbsl,2005-03-07,99.2,100.12,,,
cbsl,2005-03-09,99.17,100.06,,,
cbsl,2005-03-10,99.05,99.08,,,
cbsl,2005-03-11,98.94,99.87,,,
cbsl,2005-03-14,98.62,99.66,,,
cbsl,2005-03-15,98.62,99.53,,,
cbsl,2005-03-16,98.79,99.83,,,
cbsl,2005-03-17,98.8,99.77,,,
cbsl,2005-03-18,98.82,99.78,,,
cbsl,2005-03-21,98.88,99.83,,,
cbsl,2005-03-22,98.94,99.88,,,
cbsl,2005-03-23,98.93,99.87,,,
cbsl,2005-03-24,98.93,99.86,,,
cbsl,2005-03-28,98.93,99.86,,,
cbsl,2005-03-29,98.97,99.8,,,
cbsl,2005-03-30,98.94,99.87,,,
cbsl,2005-03-31,98.98,99.86,,,
cbsl,2005-04-01,99.12,100,,,
cbsl,2005-04-04,99.17,100.12,,,
cbsl,2005-04-05,99.22,100.17,,,
cbsl,2005-04-06,99.25,100.17,,,
cbsl,2005-04-07,99.23,100.15,,,
cbsl,2005-04-08,99.11,100.03,,,
cbsl,2005-04-11,99.14,100.04,,,
cbsl,2005-04-12,99.1,100.02,,,
cbsl,2005-04-15,99.06,100.06,,,
cbsl,2005-04-18,99.12,100.02,,,
cbsl,2005-04-19,99.21,100.12,,,
cbsl,2005-04-20,99.22,100.14,,,
cbsl,2005-04-21,99.27,100.2,,,
cbsl,2005-04-25,99.33,100.21,,,
cbsl,2005-04-26,99.3,100.21,,,
cbsl,2005-04-27,99.28,100.09,,,
cbsl,2005-04-28,99.28,100.19,,,
cbsl,2005-04-29,99.37,100.27,,,
cbsl,2005-05-03,99.25,100.17,,,
cbsl,2005-05-04,99.32,100.22,,,
cbsl,2005-05-05,99.38,100.18,,,
cbsl,2005-05-06,99.39,100.29,,,
cbsl,2005-05-09,99.39,100.29,,,
cbsl,2005-05-10,99.39,100.29,,,
cbsl,2005-05-11,99.39,100.27,,,
cbsl,2005-05-12,99.39,100.28,,,
cbsl,2005-05-13,99.39,100.28,,,
cbsl,2005-05-16,99.38,100.27,,,
cbsl,2005-05-17,99.08,100.03,,,
cbsl,2005-05-18,99.22,100.05,,,
cbsl,2005-05-19,99.27,100.17,,,
cbsl,2005-05-20,99.35,100.25,,,
cbsl,2005-05-25,99.45,100.34,,,
cbsl,2005-05-26,99.45,100.34,,,
cbsl,2005-05-27,99.47,100.36,,,
cbsl,2005-05-30,99.52,100.31,,,
cbsl,2005-05-31,99.47,100.36,,,
cbsl,2005-06-01,99.5,100.29,,,
cbsl,2005-06-02,99.47,100.36,,,
cbsl,2005-06-03,99.47,100.36,,,
cbsl,2005-06-06,99.5,100.35,,,
cbsl,2005-06-07,99.5,100.35,,,
cbsl,2005-06-08,99.53,100.38,,,
cbsl,2005-06-09,99.52,100.37,,,
cbsl,2005-06-10,99.42,100.36,,,
cbsl,2005-06-13,99.53,100.37,,,
cbsl,2005-06-14,99.53,100.38,,,
cbsl,2005-06-15,99.79,100.66,,,
cbsl,2005-06-16,99.9,100.86,,,
cbsl,2005-06-17,99.82,100.76,,,
cbsl,2005-06-20,99.66,100.58,,,
cbsl,2005-06-22,99.6,100.53,,,
cbsl,2005-06-23,99.52,100.42,,,
cbsl,2005-06-24,99.36,100.28,,,
cbsl,2005-06-27,99.3,100.22,,,
cbsl,2005-06-28,99.37,100.18,,,
cbsl,2005-06-29,99.38,100.29,,,
cbsl,2005-06-30,99.57,100.53,,,
cbsl,2005-07-01,99.67,100.6,,,
cbsl,2005-07-04,99.66,100.57,,,
cbsl,2005-07-05,99.68,98.78,,,
cbsl,2005-07-06,99.64,100.46,,,
cbsl,2005-07-07,99.55,100.42,,,
cbsl,2005-07-08,99.64,100.5,,,
cbsl,2005-07-11,99.61,100.54,,,
cbsl,2005-07-12,99.62,100.55,,,
cbsl,2005-07-13,99.61,100.54,,,
cbsl,2005-07-14,99.72,100.65,,,
cbsl,2005-07-15,99.81,100.83,,,
cbsl,2005-07-18,99.78,100.7,,,
cbsl,2005-07-19,99.88,100.73,,,
cbsl,2005-07-20,99.85,100.72,,,
cbsl,2005-07-22,99.84,100.76,,,
cbsl,2005-07-25,99.89,100.91,,,
cbsl,2005-07-26,100.13,101.1,,,
cbsl,2005-07-27,100.14,101.09,,,
cbsl,2005-07-28,100.16,101.09,,,
cbsl,2005-07-29,100.08,101.02,,,
cbsl,2005-08-01,100.19,101.11,,,
cbsl,2005-08-02,100.04,101.04,,,
cbsl,2005-08-03,100.01,100.9,,,
cbsl,2005-08-04,100.04,100.93,,,
cbsl,2005-08-05,100.1,101,,,
cbsl,2005-08-08,100.16,101.06,,,
cbsl,2005-08-09,100.22,101.15,,,
cbsl,2005-08-10,100.22,101.15,,,
cbsl,2005-08-11,100.18,101.08,,,
cbsl,2005-08-12,100.26,101.17,,,
cbsl,2005-08-15,100.34,101.27,,,
cbsl,2005-08-16,100.41,101.34,,,
cbsl,2005-08-17,100.31,101.34,,,
cbsl,2005-08-18,100.34,101.37,,,
cbsl,2005-08-22,100.36,101.36,,,
cbsl,2005-08-23,100.35,101.37,,,
cbsl,2005-08-24,100.22,101.24,,,
cbsl,2005-08-25,100.26,101.28,,,
cbsl,2005-08-26,100.26,101.28,,,
cbsl,2005-08-29,100.37,101.39,,,
cbsl,2005-08-30,100.52,101.54,,,
cbsl,2005-08-31,100.73,101.79,,,
cbsl,2005-09-01,100.72,101.76,,,
cbsl,2005-09-02,100.81,101.85,,,
cbsl,2005-09-05,100.8,101.85,,,
cbsl,2005-09-06,100.87,101.9,,,
cbsl,2005-09-07,100.81,101.85,,,
cbsl,2005-09-08,100.82,101.86,,,
cbsl,2005-09-09,100.89,101.83,,,
cbsl,2005-09-12,100.88,101.93,,,
cbsl,2005-09-13,100.7,101.8,,,
cbsl,2005-09-14,100.78,101.82,,,
cbsl,2005-09-15,100.79,101.84,,,
cbsl,2005-09-16,100.8,101.85,,,
cbsl,2005-09-19,100.88,101.92,,,
cbsl,2005-09-20,100.89,101.91,,,
cbsl,2005-09-21,100.92,101.93,,,
cbsl,2005-09-22,100.91,101.93,,,
cbsl,2005-09-23,100.93,101.95,,,
cbsl,2005-09-26,100.92,101.95,,,
cbsl,2005-09-27,100.92,101.95,,,
cbsl,2005-09-28,100.83,101.86,,,
cbsl,2005-09-29,101.82,101.85,,,
cbsl,2005-09-30,100.78,101.7,,,
cbsl,2005-10-03,100.73,101.77,,,
cbsl,2005-10-04,100.81,101.84,,,
cbsl,2005-10-05,100.84,101.86,,,
cbsl,2005-10-06,100.77,101.8,,,
cbsl,2005-10-07,100.77,101.8,,,
cbsl,2005-10-10,100.78,101.8,,,
cbsl,2005-10-11,100.8,101.82,,,
cbsl,2005-10-12,101.14,101.94,,,
cbsl,2005-10-13,100.95,101.97,,,
cbsl,2005-10-14,100.94,101.96,,,
cbsl,2005-10-18,100.94,101.97,,,
cbsl,2005-10-19,100.96,101.99,,,
cbsl,2005-10-20,100.96,101.99,,,
cbsl,2005-10-21,100.97,102.01,,,
cbsl,2005-10-24,101.08,102.1,,,
cbsl,2005-10-25,101.12,102.14,,,
cbsl,2005-10-26,101.23,102.27,,,
cbsl,2005-10-27,101.25,102.29,,,
cbsl,2005-10-28,101.27,102.31,,,
cbsl,2005-10-31,101.3,102.35,,,
cbsl,2005-11-02,101.35,102.39,,,
cbsl,2005-11-03,101.29,102.33,,,
cbsl,2005-11-07,101.32,102.33,,,
cbsl,2005-11-08,101.35,102.36,,,
cbsl,2005-11-09,101.35,102.37,,,
cbsl,2005-11-10,101.34,102.36,,,
cbsl,2005-11-11,101.35,102.36,,,
cbsl,2005-11-14,101.33,102.34,,,
cbsl,2005-11-16,101.33,102.35,,,
cbsl,2005-11-17,101.34,102.37,,,
cbsl,2005-11-18,101.42,102.44,,,
cbsl,2005-11-21,101.43,102.45,,,
cbsl,2005-11-22,101.39,102.41,,,
cbsl,2005-11-23,101.39,102.42,,,
cbsl,2005-11-24,101.4,102.42,,,
cbsl,2005-11-25,101.41,102.45,,,
cbsl,2005-11-28,101.41,102.45,,,
cbsl,2005-11-29,101.43,102.49,,,
cbsl,2005-11-30,101.46,102.52,,,
cbsl,2005-12-01,101.43,102.48,,,
cbsl,2005-12-02,101.42,102.48,,,
cbsl,2005-12-05,101.43,102.48,,,
cbsl,2005-12-06,101.43,102.49,,,
cbsl,2005-12-07,101.46,102.51,,,
cbsl,2005-12-08,101.44,102.5,,,
cbsl,2005-12-09,101.44,102.5,,,
cbsl,2005-12-12,101.43,102.48,,,
cbsl,2005-12-13,101.43,102.48,,,
cbsl,2005-12-14,101.45,102.5,,,
cbsl,2005-12-16,101.5,102.56,,,
cbsl,2005-12-19,101.5,102.56,,,
cbsl,2005-12-20,101.48,102.54,,,
cbsl,2005-12-21,101.48,102.54,,,
cbsl,2005-12-22,101.46,102.52,,,
cbsl,2005-12-23,101.5,102.54,,,
cbsl,2005-12-27,101.54,102.58,,,
cbsl,2005-12-28,101.53,102.57,,,
cbsl,2005-12-29,101.52,102.56,,,
cbsl,2005-12-30,101.55,102.6,,,
cbsl,2006-01-02,101.58,102.63,,,
cbsl,2006-01-03,101.59,102.63,,,
cbsl,2006-01-04,101.66,102.61,,,
cbsl,2006-01-05,101.62,102.68,,,
cbsl,2006-01-06,101.6,102.63,,,
cbsl,2006-01-09,101.58,102.6,,,
cbsl,2006-01-10,101.45,102.49,,,
cbsl,2006-01-12,101.5,102.54,,,
cbsl,2006-01-16,101.59,102.6,,,
cbsl,2006-01-17,101.6,102.64,,,
cbsl,2006-01-18,101.6,102.64,,,
cbsl,2006-01-19,101.58,102.64,,,
cbsl,2006-01-20,101.56,102.61,,,
cbsl,2006-01-23,101.56,102.61,,,
cbsl,2006-01-24,101.62,102.6,,,
cbsl,2006-01-25,101.61,102.65,,,
cbsl,2006-01-26,101.54,102.53,,,
cbsl,2006-01-27,101.54,102.58,,,
cbsl,2006-01-30,101.6,102.64,,,
cbsl,2006-01-31,101.68,102.72,,,
cbsl,2006-02-01,101.62,102.66,,,
cbsl,2006-02-02,101.59,102.64,,,
cbsl,2006-02-03,101.58,102.72,,,
cbsl,2006-02-06,101.55,102.59,,,
cbsl,2006-02-07,101.5,102.53,,,
cbsl,2006-02-08,101.52,102.55,,,
cbsl,2006-02-09,101.56,102.6,,,
cbsl,2006-02-10,101.51,102.54,,,
cbsl,2006-02-13,101.55,102.58,,,
cbsl,2006-02-14,101.57,102.61,,,
cbsl,2006-02-15,101.61,102.65,,,
cbsl,2006-02-16,101.63,102.68,,,
cbsl,2006-02-17,101.63,102.68,,,
cbsl,2006-02-20,101.65,102.69,,,
cbsl,2006-02-21,101.7,102.64,,,
cbsl,2006-02-22,101.69,102.73,,,
cbsl,2006-02-23,101.73,102.78,,,
cbsl,2006-02-24,101.78,102.83,,,
cbsl,2006-02-27,101.84,102.86,,,
cbsl,2006-02-28,101.98,103,,,
cbsl,2006-03-01,102.03,103.07,,,
cbsl,2006-03-02,102,103.03,,,
cbsl,2006-03-03,101.9,102.93,,,
cbsl,2006-03-06,102,103.04,,,
cbsl,2006-03-07,102.03,103.07,,,
cbsl,2006-03-08,102.11,103.15,,,
cbsl,2006-03-09,102.14,103.18,,,
cbsl,2006-03-10,102.14,103.18,,,
cbsl,2006-03-13,102.14,103.19,,,
cbsl,2006-03-15,102.19,103.23,,,
cbsl,2006-03-16,102.23,103.27,,,
cbsl,2006-03-17,102.23,103.27,,,
cbsl,2006-03-20,102.2,103.24,,,
cbsl,2006-03-21,102.18,103.22,,,
cbsl,2006-03-22,102.06,103.11,,,
cbsl,2006-03-23,102.07,103.01,,,
cbsl,2006-03-24,102.04,103.07,,,
cbsl,2006-03-27,102.12,103.13,,,
cbsl,2006-03-28,102.18,103.21,,,
cbsl,2006-03-29,102.2,103.24,,,
cbsl,2006-03-30,102.2,103.24,,,
cbsl,2006-03-31,102.19,103.24,,,
cbsl,2006-04-03,102.07,103.19,,,
cbsl,2006-04-04,102.05,103.12,,,
cbsl,2006-04-05,102.03,103.07,,,
cbsl,2006-04-06,101.99,103.04,,,
cbsl,2006-04-07,101.94,103.06,,,
cbsl,2006-04-10,101.97,103.01,,,
cbsl,2006-04-12,101.94,102.98,,,
cbsl,2006-04-17,101.96,103.28,,,
cbsl,2006-04-18,102.12,103.15,,,
cbsl,2006-04-19,102.12,103.16,,,
cbsl,2006-04-20,102.13,103.16,,,
cbsl,2006-04-21,102.13,103.16,,,
cbsl,2006-04-24,102.14,103.18,,,
cbsl,2006-04-25,102.13,103.16,,,
cbsl,2006-04-26,102.2,103.23,,,
cbsl,2006-04-27,102.22,103.25,,,
cbsl,2006-04-28,102.2,103.31,,,
cbsl,2006-05-02,102.21,103.24,,,
cbsl,2006-05-03,102.24,103.27,,,
cbsl,2006-05-04,102.3,103.34,,,
cbsl,2006-05-05,102.23,103.34,,,
cbsl,2006-05-08,102.24,103.37,,,
cbsl,2006-05-09,102.33,103.38,,,
cbsl,2006-05-10,102.28,103.34,,,
cbsl,2006-05-11,102.3,103.34,,,
cbsl,2006-05-15,102.24,103.37,,,
cbsl,2006-05-16,102.3,103.35,,,
cbsl,2006-05-17,102.42,103.37,,,
cbsl,2006-05-18,102.51,103.39,,,
cbsl,2006-05-19,102.4,103.47,,,
cbsl,2006-05-22,102.43,103.5,,,
cbsl,2006-05-23,102.43,103.48,,,
cbsl,2006-05-24,102.4,103.44,,,
cbsl,2006-05-25,102.39,103.42,,,
cbsl,2006-05-26,102.35,103.4,,,
cbsl,2006-05-29,102.35,103.47,,,
cbsl,2006-05-30,102.36,103.41,,,
cbsl,2006-05-31,102.37,103.48,,,
cbsl,2006-06-01,102.48,103.6,,,
cbsl,2006-06-02,102.71,103.93,,,
cbsl,2006-06-05,102.71,103.76,,,
cbsl,2006-06-06,102.65,103.77,,,
cbsl,2006-06-07,102.6,103.72,,,
cbsl,2006-06-08,102.68,103.72,,,
cbsl,2006-06-09,102.68,103.8,,,
cbsl,2006-06-12,102.68,103.8,,,
cbsl,2006-06-13,102.72,103.77,,,
cbsl,2006-06-14,102.75,103.8,,,
cbsl,2006-06-15,102.69,103.81,,,
cbsl,2006-06-16,102.96,104.08,,,
cbsl,2006-06-19,102.96,104.08,,,
cbsl,2006-06-20,102.98,104.03,,,
cbsl,2006-06-21,103.02,104.06,,,
cbsl,2006-06-22,103.03,104.08,,,
cbsl,2006-06-23,103.12,104.24,,,
cbsl,2006-06-26,103.24,104.36,,,
cbsl,2006-06-27,103.29,104.41,,,
cbsl,2006-06-28,103.43,104.36,,,
cbsl,2006-06-29,103.37,104.49,,,
cbsl,2006-06-30,103.38,104.5,,,
cbsl,2006-07-03,103.41,104.53,,,
cbsl,2006-07-04,103.45,104.54,,,
cbsl,2006-07-05,103.45,104.53,,,
cbsl,2006-07-06,103.4,104.49,,,
cbsl,2006-07-07,103.37,104.53,,,
cbsl,2006-07-11,103.38,104.54,,,
cbsl,2006-07-12,103.42,104.51,,,
cbsl,2006-07-13,103.32,104.48,,,
cbsl,2006-07-14,103.44,104.39,,,
cbsl,2006-07-17,103.37,104.46,,,
cbsl,2006-07-18,103.4,104.49,,,
cbsl,2006-07-19,103.4,104.49,,,
cbsl,2006-07-20,103.5,104.38,,,
cbsl,2006-07-21,103.38,104.54,,,
cbsl,2006-07-24,103.38,104.54,,,
cbsl,2006-07-25,103.39,104.55,,,
cbsl,2006-07-26,103.41,104.5,,,
cbsl,2006-07-27,103.39,104.55,,,
cbsl,2006-07-28,103.39,104.55,,,
cbsl,2006-07-31,103.46,104.48,,,
cbsl,2006-08-01,103.43,104.51,,,
cbsl,2006-08-02,103.44,104.52,,,
cbsl,2006-08-03,103.44,104.52,,,
cbsl,2006-08-04,103.41,104.57,,,
cbsl,2006-08-07,103.43,104.52,,,
cbsl,2006-08-08,103.42,104.49,,,
cbsl,2006-08-10,103.4,104.54,,,
cbsl,2006-08-11,103.35,104.49,,,
cbsl,2006-08-14,103.35,104.49,,,
cbsl,2006-08-15,103.37,104.51,,,
cbsl,2006-08-16,103.39,104.53,,,
cbsl,2006-08-17,103.39,104.53,,,
cbsl,2006-08-18,103.4,104.54,,,
cbsl,2006-08-21,103.4,104.54,,,
cbsl,2006-08-22,103.4,104.54,,,
cbsl,2006-08-23,103.35,104.35,,,
cbsl,2006-08-24,103.16,104.16,,,
cbsl,2006-08-25,103.05,104.03,,,
cbsl,2006-08-28,102.78,103.88,,,
cbsl,2006-08-29,102.5,103.62,,,
cbsl,2006-08-30,102.22,103.18,,,
cbsl,2006-08-31,101.79,102.78,,,
cbsl,2006-09-01,101.54,102.7,,,
cbsl,2006-09-04,101.75,102.68,,,
cbsl,2006-09-05,101.68,102.69,,,
cbsl,2006-09-06,101.69,102.78,,,
cbsl,2006-09-08,101.79,102.88,,,
cbsl,2006-09-11,101.74,102.88,,,
cbsl,2006-09-12,101.86,103,,,
cbsl,2006-09-13,101.97,102.94,,,
cbsl,2006-09-14,101.88,102.9,,,
cbsl,2006-09-15,101.98,102.93,,,
cbsl,2006-09-18,101.98,102.93,,,
cbsl,2006-09-19,101.99,102.94,,,
cbsl,2006-09-20,102.09,102.97,,,
cbsl,2006-09-21,101.93,103.07,,,
cbsl,2006-09-22,101.93,103.07,,,
cbsl,2006-09-25,102.02,103.08,,,
cbsl,2006-09-26,101.94,103.02,,,
cbsl,2006-09-27,102.02,103.13,,,
cbsl,2006-09-28,102.87,104.01,,,
cbsl,2006-09-29,103.2,104.34,,,
cbsl,2006-10-02,103.18,104.38,,,
cbsl,2006-10-03,103.29,104.43,,,
cbsl,2006-10-04,103.35,104.49,,,
cbsl,2006-10-05,103.31,104.51,,,
cbsl,2006-10-09,104.08,105.11,,,
cbsl,2006-10-10,104.14,105.37,,,
cbsl,2006-10-11,104.24,105.49,,,
cbsl,2006-10-12,104.65,105.67,,,
cbsl,2006-10-13,104.84,106.12,,,
cbsl,2006-10-16,105.34,106.61,,,
cbsl,2006-10-17,106.79,108.05,,,
cbsl,2006-10-18,106.55,107.88,,,
cbsl,2006-10-19,106.04,107.37,,,
cbsl,2006-10-20,104.01,105.71,,,
cbsl,2006-10-23,104.52,105.87,,,
cbsl,2006-10-25,105.99,107.66,,,
cbsl,2006-10-26,105.62,107.43,,,
cbsl,2006-10-27,105.85,107.47,,,
cbsl,2006-10-30,106.33,108.19,,,
cbsl,2006-10-31,106.63,108.29,,,
cbsl,2006-11-01,106.96,108.68,,,
cbsl,2006-11-02,107.03,108.67,,,
cbsl,2006-11-03,105.94,107.46,,,
cbsl,2006-11-06,105.92,107.54,,,
cbsl,2006-11-07,106.5,108.12,,,
cbsl,2006-11-08,106.38,108,,,
cbsl,2006-11-09,106.81,108.04,,,
cbsl,2006-11-10,106.64,108.27,,,
cbsl,2006-11-13,106.74,108.28,,,
cbsl,2006-11-14,107.31,108.82,,,
cbsl,2006-11-15,107.4,108.81,,,
cbsl,2006-11-16,107.49,108.85,,,
cbsl,2006-11-17,107.52,108.86,,,
cbsl,2006-11-20,108.36,109.72,,,
cbsl,2006-11-21,107.56,109.01,,,
cbsl,2006-11-22,106.22,107.94,,,
cbsl,2006-11-23,106.36,107.93,,,
cbsl,2006-11-24,106.52,108.11,,,
cbsl,2006-11-27,106.84,108.36,,,
cbsl,2006-11-28,107.22,108.74,,,
cbsl,2006-11-29,107.36,108.79,,,
cbsl,2006-11-30,107.3,108.83,,,
cbsl,2006-12-01,107.42,108.75,,,
cbsl,2006-12-05,107.42,108.79,,,
cbsl,2006-12-06,107.04,108.19,,,
cbsl,2006-12-07,107.07,108.19,,,
cbsl,2006-12-08,107.07,108.19,,,
cbsl,2006-12-11,107.35,108.67,,,
cbsl,2006-12-12,107.78,109.15,,,
cbsl,2006-12-13,107.34,108.71,,,
cbsl,2006-12-14,107.35,108.72,,,
cbsl,2006-12-15,107.56,108.61,,,
cbsl,2006-12-18,107.21,108.37,,,
cbsl,2006-12-19,107.02,108.38,,,
cbsl,2006-12-20,106.94,108.3,,,
cbsl,2006-12-21,106.86,108.22,,,
cbsl,2006-12-22,106.89,108.21,,,
cbsl,2006-12-26,106.91,108.23,,,
cbsl,2006-12-27,107.17,108.33,,,
cbsl,2006-12-28,107.13,108.45,,,
cbsl,2006-12-29,106.97,108.33,,,
cbsl,2007-01-01,106.92,108.28,,,
cbsl,2007-01-02,107.01,108.12,,,
cbsl,2007-01-04,107.14,108.3,,,
cbsl,2007-01-05,108.08,109.56,,,
cbsl,2007-01-08,108.03,109.45,,,
cbsl,2007-01-09,108.15,109.31,,,
cbsl,2007-01-10,107.95,109.04,,,
cbsl,2007-01-11,107.81,109.07,,,
cbsl,2007-01-12,107.83,109.05,,,
cbsl,2007-01-16,107.83,109.05,,,
cbsl,2007-01-17,108.3,109.36,,,
cbsl,2007-01-18,108.13,109.39,,,
cbsl,2007-01-19,108.21,109.27,,,
cbsl,2007-01-22,108,109.22,,,
cbsl,2007-01-23,107.82,108.98,,,
cbsl,2007-01-24,107.51,108.93,,,
cbsl,2007-01-25,107.74,109.1,,,
cbsl,2007-01-26,108.1,109.16,,,
cbsl,2007-01-29,108.03,109.35,,,
cbsl,2007-01-30,108,109.36,,,
cbsl,2007-01-31,108.07,109.13,,,
cbsl,2007-02-02,107.97,109.29,,,
cbsl,2007-02-06,108,109.32,,,
cbsl,2007-02-07,108.12,109.18,,,
cbsl,2007-02-08,108.08,109.14,,,
cbsl,2007-02-09,108.08,109.14,,,
cbsl,2007-02-12,108.05,109.11,,,
cbsl,2007-02-13,107.94,109.3,,,
cbsl,2007-02-14,108.07,109.13,,,
cbsl,2007-02-15,108.13,109.19,,,
cbsl,2007-02-19,108.14,109.2,,,
cbsl,2007-02-20,108.11,109.16,,,
cbsl,2007-02-21,108.14,109.2,,,
cbsl,2007-02-22,108.08,109.3,,,
cbsl,2007-02-23,108.21,109.27,,,
cbsl,2007-02-26,108.2,109.26,,,
cbsl,2007-02-27,108.2,109.26,,,
cbsl,2007-02-28,108.18,109.24,,,
cbsl,2007-03-01,108.3,109.36,,,
cbsl,2007-03-02,108.36,109.42,,,
cbsl,2007-03-05,108.32,109.38,,,
cbsl,2007-03-06,108.35,109.4,,,
cbsl,2007-03-07,108.42,109.48,,,
cbsl,2007-03-08,108.36,109.58,,,
cbsl,2007-03-09,108.44,109.49,,,
cbsl,2007-03-12,108.39,109.61,,,
cbsl,2007-03-13,108.76,110.06,,,
cbsl,2007-03-14,108.87,110.01,,,
cbsl,2007-03-15,108.72,110.06,,,
cbsl,2007-03-16,108.98,110.12,,,
cbsl,2007-03-19,109.1,110.24,,,
cbsl,2007-03-20,109.19,110.33,,,
cbsl,2007-03-21,109.14,110.34,,,
cbsl,2007-03-22,109.01,110.47,,,
cbsl,2007-03-23,109.13,110.33,,,
cbsl,2007-03-26,108.99,110.25,,,
cbsl,2007-03-27,107.85,109.24,,,
cbsl,2007-03-28,108.15,109.54,,,
cbsl,2007-03-29,108.59,109.98,,,
cbsl,2007-03-30,108.62,110.01,,,
cbsl,2007-04-03,107.93,109.5,,,
cbsl,2007-04-04,107.65,108.99,,,
cbsl,2007-04-05,107.67,108.99,,,
cbsl,2007-04-09,107.69,109.13,,,
cbsl,2007-04-10,107.75,109.07,,,
cbsl,2007-04-11,108.51,109.9,,,
cbsl,2007-04-12,108.49,109.88,,,
cbsl,2007-04-16,108.54,110.13,,,
cbsl,2007-04-17,108.82,110.21,,,
cbsl,2007-04-19,109.56,111.03,,,
cbsl,2007-04-20,109.47,110.89,,,
cbsl,2007-04-23,109.09,110.63,,,
cbsl,2007-04-24,109.21,110.55,,,
cbsl,2007-04-25,109.25,110.59,,,
cbsl,2007-04-26,109.18,110.72,,,
cbsl,2007-04-27,109.27,110.69,,,
cbsl,2007-04-30,109.47,110.89,,,
cbsl,2007-05-03,109.81,111.27,,,
cbsl,2007-05-04,109.91,111.39,,,
cbsl,2007-05-07,110.01,111.47,,,
cbsl,2007-05-08,110.11,111.53,,,
cbsl,2007-05-09,110.14,111.46,,,
cbsl,2007-05-10,110.17,111.53,,,
cbsl,2007-05-11,110.17,111.49,,,
cbsl,2007-05-14,110.24,111.56,,,
cbsl,2007-05-15,110.28,111.65,,,
cbsl,2007-05-16,110.28,111.61,,,
cbsl,2007-05-17,110.25,111.62,,,
cbsl,2007-05-18,110.25,111.62,,,
cbsl,2007-05-21,110.26,111.63,,,
cbsl,2007-05-22,110.19,111.55,,,
cbsl,2007-05-23,110.09,111.45,,,
cbsl,2007-05-24,110.15,111.51,,,
cbsl,2007-05-25,110.15,111.41,,,
cbsl,2007-05-28,110.12,111.44,,,
cbsl,2007-05-29,110.06,111.34,,,
cbsl,2007-05-30,110,111.33,,,
cbsl,2007-06-01,110.06,111.34,,,
cbsl,2007-06-04,110.13,111.41,,,
cbsl,2007-06-05,110.2,111.38,,,
cbsl,2007-06-06,110.13,111.35,,,
cbsl,2007-06-07,110.15,111.33,,,
cbsl,2007-06-08,110.19,111.37,,,
cbsl,2007-06-11,110.28,111.46,,,
cbsl,2007-06-12,110.29,111.47,,,
cbsl,2007-06-13,110.26,111.48,,,
cbsl,2007-06-14,110.3,111.48,,,
cbsl,2007-06-15,110.29,111.55,,,
cbsl,2007-06-18,110.31,111.52,,,
cbsl,2007-06-19,110.31,111.52,,,
cbsl,2007-06-20,110.31,111.52,,,
cbsl,2007-06-21,110.28,111.53,,,
cbsl,2007-06-22,110.38,111.47,,,
cbsl,2007-06-25,110.35,111.56,,,
cbsl,2007-06-26,110.6,111.72,,,
cbsl,2007-06-27,110.62,111.78,,,
cbsl,2007-06-28,110.82,112.04,,,
cbsl,2007-06-29,110.77,111.96,,,
cbsl,2007-07-02,110.7,111.98,,,
cbsl,2007-07-03,110.62,111.9,,,
cbsl,2007-07-04,110.63,111.91,,,
cbsl,2007-07-05,110.73,111.91,,,
cbsl,2007-07-06,110.9,112.08,,,
cbsl,2007-07-09,110.86,112.18,,,
cbsl,2007-07-10,110.84,112.16,,,
cbsl,2007-07-11,110.89,112.21,,,
cbsl,2007-07-12,110.96,112.28,,,
cbsl,2007-07-13,111.05,112.33,,,
cbsl,2007-07-16,111.07,112.35,,,
cbsl,2007-07-17,111.09,112.37,,,
cbsl,2007-07-18,111.11,112.39,,,
cbsl,2007-07-19,111.14,112.32,,,
cbsl,2007-07-20,111.14,112.37,,,
cbsl,2007-07-23,111.34,112.42,,,
cbsl,2007-07-24,111.18,112.4,,,
cbsl,2007-07-25,111.13,112.36,,,
cbsl,2007-07-26,111.13,112.36,,,
cbsl,2007-07-27,111.12,112.39,,,
cbsl,2007-07-30,111.13,112.4,,,
cbsl,2007-07-31,111.09,112.41,,,
cbsl,2007-08-01,111.14,112.41,,,
cbsl,2007-08-02,111.14,112.41,,,
cbsl,2007-08-03,111.14,112.41,,,
cbsl,2007-08-06,111.28,112.43,,,
cbsl,2007-08-07,111.3,112.45,,,
cbsl,2007-08-08,111.23,112.51,,,
cbsl,2007-08-09,111.2,112.47,,,
cbsl,2007-08-10,111.22,112.44,,,
cbsl,2007-08-13,111.29,112.51,,,
cbsl,2007-08-14,111.29,112.51,,,
cbsl,2007-08-15,111.39,112.51,,,
cbsl,2007-08-16,111.39,112.51,,,
cbsl,2007-08-17,111.45,112.56,,,
cbsl,2007-08-20,111.49,112.6,,,
cbsl,2007-08-21,111.49,112.6,,,
cbsl,2007-08-22,111.46,112.52,,,
cbsl,2007-08-23,111.6,112.66,,,
cbsl,2007-08-24,111.73,112.89,,,
cbsl,2007-08-27,112,113.16,,,
cbsl,2007-08-29,112.2,113.36,,,
cbsl,2007-08-30,112.48,113.59,,,
cbsl,2007-08-31,112.43,113.54,,,
cbsl,2007-09-03,112.43,113.5,,,
cbsl,2007-09-04,112.35,113.57,,,
cbsl,2007-09-05,112.52,113.58,,,
cbsl,2007-09-06,112.48,113.75,,,
cbsl,2007-09-07,112.53,113.76,,,
cbsl,2007-09-10,112.55,113.78,,,
cbsl,2007-09-11,112.56,113.83,,,
cbsl,2007-09-12,112.6,113.83,,,
cbsl,2007-09-13,112.66,113.89,,,
cbsl,2007-09-14,112.66,113.89,,,
cbsl,2007-09-17,112.77,113.84,,,
cbsl,2007-09-18,112.82,113.93,,,
cbsl,2007-09-19,112.96,114.07,,,
cbsl,2007-09-20,112.9,114.01,,,
cbsl,2007-09-21,112.9,114.01,,,
cbsl,2007-09-24,112.92,114.03,,,
cbsl,2007-09-25,112.86,113.97,,,
cbsl,2007-09-27,112.88,113.99,,,
cbsl,2007-09-28,112.76,114.04,,,
cbsl,2007-10-01,112.81,114.04,,,
cbsl,2007-10-02,112.79,114.02,,,
cbsl,2007-10-03,112.76,114.04,,,
cbsl,2007-10-04,112.81,113.93,,,
cbsl,2007-10-05,112.81,113.93,,,
cbsl,2007-10-08,112.78,114.01,,,
cbsl,2007-10-09,112.85,113.97,,,
cbsl,2007-10-10,112.85,113.97,,,
cbsl,2007-10-11,112.75,113.98,,,
cbsl,2007-10-12,112.73,114,,,
cbsl,2007-10-15,112.72,113.96,,,
cbsl,2007-10-16,112.8,113.92,,,
cbsl,2007-10-17,112.72,114,,,
cbsl,2007-10-18,112.56,113.67,,,
cbsl,2007-10-19,112.29,113.52,,,
cbsl,2007-10-22,112.2,113.43,,,
cbsl,2007-10-23,111.99,113.22,,,
cbsl,2007-10-24,111.84,112.95,,,
cbsl,2007-10-26,111.78,112.85,,,
cbsl,2007-10-29,110.96,112.12,,,
cbsl,2007-10-30,110.86,112.07,,,
cbsl,2007-10-31,110.7,111.96,,,
cbsl,2007-11-01,110.39,111.55,,,
cbsl,2007-11-02,110.28,111.44,,,
cbsl,2007-11-05,109.91,111.07,,,
cbsl,2007-11-06,109.74,110.9,,,
cbsl,2007-11-07,109.64,110.9,,,
cbsl,2007-11-09,109.79,111.05,,,
cbsl,2007-11-12,109.81,111.07,,,
cbsl,2007-11-13,109.78,111,,,
cbsl,2007-11-14,109.9,111.12,,,
cbsl,2007-11-15,109.86,111.07,,,
cbsl,2007-11-16,109.75,110.96,,,
cbsl,2007-11-19,109.85,111.02,,,
cbsl,2007-11-20,109.87,111.08,,,
cbsl,2007-11-21,109.89,111.1,,,
cbsl,2007-11-22,109.78,110.99,,,
cbsl,2007-11-23,109.77,110.98,,,
cbsl,2007-11-26,109.78,110.99,,,
cbsl,2007-11-27,109.82,111.03,,,
cbsl,2007-11-28,109.87,111.04,,,
cbsl,2007-11-29,109.82,111.03,,,
cbsl,2007-11-30,109.91,111.13,,,
cbsl,2007-12-03,109.88,111.05,,,
cbsl,2007-12-04,109.88,111.05,,,
cbsl,2007-12-05,109.64,110.81,,,
cbsl,2007-12-06,108.03,109.3,,,
cbsl,2007-12-07,107.67,108.94,,,
cbsl,2007-12-10,107.54,108.81,,,
cbsl,2007-12-11,108.3,109.61,,,
cbsl,2007-12-12,108.33,109.59,,,
cbsl,2007-12-13,108.33,109.59,,,
cbsl,2007-12-14,108.25,109.51,,,
cbsl,2007-12-17,108.27,109.53,,,
cbsl,2007-12-18,108.27,109.53,,,
cbsl,2007-12-19,108.21,109.47,,,
cbsl,2007-12-20,108.13,109.39,,,
cbsl,2007-12-24,108.06,109.28,,,
cbsl,2007-12-26,107.74,108.96,,,
cbsl,2007-12-27,107.72,108.99,,,
cbsl,2007-12-28,107.94,109.22,,,
cbsl,2007-12-31,108.09,109.31,,,
cbsl,2008-01-01,108.12,109.38,,,
cbsl,2008-01-02,107.98,109.2,,,
cbsl,2008-01-03,107.99,109.21,,,
cbsl,2008-01-04,108.04,109.26,,,
cbsl,2008-01-07,108.01,109.23,,,
cbsl,2008-01-08,107.83,109.05,,,
cbsl,2008-01-09,107.83,109.05,,,
cbsl,2008-01-10,107.71,108.95,,,
cbsl,2008-01-11,107.82,109.04,,,
cbsl,2008-01-14,107.61,108.73,,,
cbsl,2008-01-16,107.63,108.75,,,
cbsl,2008-01-17,107.44,108.56,,,
cbsl,2008-01-18,107.43,108.55,,,
cbsl,2008-01-21,107.47,108.59,,,
cbsl,2008-01-23,107.38,108.5,,,
cbsl,2008-01-24,107.39,108.51,,,
cbsl,2008-01-25,107.37,108.49,,,
cbsl,2008-01-28,107.43,108.55,,,
cbsl,2008-01-29,107.55,108.67,,,
cbsl,2008-01-30,107.47,108.59,,,
cbsl,2008-01-31,107.41,108.58,,,
cbsl,2008-02-01,107.19,108.31,,,
cbsl,2008-02-05,107.2,108.32,,,
cbsl,2008-02-06,107.24,108.36,,,
cbsl,2008-02-07,107.26,108.38,,,
cbsl,2008-02-08,107.26,108.38,,,
cbsl,2008-02-11,107.29,108.41,,,
cbsl,2008-02-12,107.26,108.33,,,
cbsl,2008-02-13,107.44,108.51,,,
cbsl,2008-02-14,107.28,108.35,,,
cbsl,2008-02-15,107.28,108.35,,,
cbsl,2008-02-18,107.28,108.35,,,
cbsl,2008-02-19,107.25,108.32,,,
cbsl,2008-02-21,107.28,108.35,,,
cbsl,2008-02-22,107.37,108.44,,,
cbsl,2008-02-25,107.32,108.39,,,
cbsl,2008-02-26,107.26,108.33,,,
cbsl,2008-02-27,107.27,108.34,,,
cbsl,2008-02-28,107.27,108.34,,,
cbsl,2008-02-29,107.29,108.37,,,
cbsl,2008-03-03,107.27,108.34,,,
cbsl,2008-03-04,107.27,108.34,,,
cbsl,2008-03-05,107.27,108.34,,,
cbsl,2008-03-07,107.24,108.31,,,
cbsl,2008-03-10,107.01,108.08,,,
cbsl,2008-03-11,106.87,107.94,,,
cbsl,2008-03-12,106.91,107.98,,,
cbsl,2008-03-13,107.02,108.09,,,
cbsl,2008-03-14,107.18,108.25,,,
cbsl,2008-03-17,107.06,108.13,,,
cbsl,2008-03-18,107.03,108.1,,,
cbsl,2008-03-19,107.09,108.16,,,
cbsl,2008-03-24,107.06,108.13,,,
cbsl,2008-03-25,107.24,108.31,,,
cbsl,2008-03-26,107.29,108.36,,,
cbsl,2008-03-27,107.17,108.24,,,
cbsl,2008-03-28,107.22,108.29,,,
cbsl,2008-03-31,107.24,108.31,,,
cbsl,2008-04-01,107.24,108.31,,,
cbsl,2008-04-02,107.22,108.29,,,
cbsl,2008-04-03,107.2,108.29,,,
cbsl,2008-04-04,107.17,108.24,,,
cbsl,2008-04-07,107.05,108.12,,,
cbsl,2008-04-08,107.03,108.1,,,
cbsl,2008-04-09,106.98,108.05,,,
cbsl,2008-04-10,106.99,108.06,,,
cbsl,2008-04-11,107.09,108.16,,,
cbsl,2008-04-15,107.28,108.35,,,
cbsl,2008-04-16,107.28,108.35,,,
cbsl,2008-04-17,107.23,108.3,,,
cbsl,2008-04-21,107.27,108.34,,,
cbsl,2008-04-22,107.25,108.32,,,
cbsl,2008-04-23,107.22,108.28,,,
cbsl,2008-04-24,107.21,108.27,,,
cbsl,2008-04-25,107.23,108.29,,,
cbsl,2008-04-28,107.25,108.32,,,
cbsl,2008-04-29,107.35,108.41,,,
cbsl,2008-04-30,107.3,108.38,,,
cbsl,2008-05-02,107.33,108.39,,,
cbsl,2008-05-05,107.29,108.35,,,
cbsl,2008-05-06,107.22,108.28,,,
cbsl,2008-05-07,107.25,108.32,,,
cbsl,2008-05-08,107.28,108.35,,,
cbsl,2008-05-09,107.23,108.3,,,
cbsl,2008-05-12,107.12,108.21,,,
cbsl,2008-05-13,107.08,108.15,,,
cbsl,2008-05-14,107.08,108.15,,,
cbsl,2008-05-15,107.07,108.14,,,
cbsl,2008-05-16,107.08,108.15,,,
cbsl,2008-05-21,107.14,108.21,,,
cbsl,2008-05-22,107.08,108.15,,,
cbsl,2008-05-23,107.1,108.17,,,
cbsl,2008-05-26,107.1,108.17,,,
cbsl,2008-05-27,107.13,108.32,,,
cbsl,2008-05-28,107.25,108.44,,,
cbsl,2008-05-29,107.15,108.34,,,
cbsl,2008-05-30,107.17,108.38,,,
cbsl,2008-06-02,107.25,108.47,,,
cbsl,2008-06-03,107.22,108.41,,,
cbsl,2008-06-04,107.28,108.35,,,
cbsl,2008-06-05,107.23,108.42,,,
cbsl,2008-06-06,107.28,108.35,,,
cbsl,2008-06-09,107.23,108.42,,,
cbsl,2008-06-10,107.28,108.35,,,
cbsl,2008-06-11,107.17,108.36,,,
cbsl,2008-06-12,107.29,108.36,,,
cbsl,2008-06-13,107.18,108.36,,,
cbsl,2008-06-16,107.14,108.33,,,
cbsl,2008-06-17,107.15,108.33,,,
cbsl,2008-06-19,107.13,108.32,,,
cbsl,2008-06-20,107,108.18,,,
cbsl,2008-06-23,106.96,108.15,,,
cbsl,2008-06-24,107.03,108.22,,,
cbsl,2008-06-25,107.04,108.23,,,
cbsl,2008-06-26,107.1,108.17,,,
cbsl,2008-06-27,107.03,108.22,,,
cbsl,2008-06-30,107.14,108.26,,,
cbsl,2008-07-01,107.13,108.25,,,
cbsl,2008-07-02,107.07,108.31,,,
cbsl,2008-07-03,107.14,108.26,,,
cbsl,2008-07-04,107.13,108.25,,,
cbsl,2008-07-07,107.13,108.25,,,
cbsl,2008-07-08,107.1,108.22,,,
cbsl,2008-07-09,107.04,108.28,,,
cbsl,2008-07-10,107.09,108.16,,,
cbsl,2008-07-11,107.08,108.15,,,
cbsl,2008-07-14,107.11,108.18,,,
cbsl,2008-07-15,107.3,108.17,,,
cbsl,2008-07-16,106.97,108.15,,,
cbsl,2008-07-18,106.96,108.03,,,
cbsl,2008-07-21,106.94,108.01,,,
cbsl,2008-07-22,106.95,108.02,,,
cbsl,2008-07-23,107.11,108.18,,,
cbsl,2008-07-24,107.1,108.17,,,
cbsl,2008-07-25,107.08,108.15,,,
cbsl,2008-07-28,107.04,108.23,,,
cbsl,2008-07-29,106.97,108.16,,,
cbsl,2008-07-30,106.97,108.16,,,
cbsl,2008-07-31,107.06,108.3,,,
cbsl,2008-08-01,107.05,108.17,,,
cbsl,2008-08-04,107.01,108.25,,,
cbsl,2008-08-05,107.08,108.32,,,
cbsl,2008-08-06,107.19,108.43,,,
cbsl,2008-08-07,107.24,108.31,,,
cbsl,2008-08-08,107.14,108.21,,,
cbsl,2008-08-11,107.15,108.22,,,
cbsl,2008-08-12,107.09,108.16,,,
cbsl,2008-08-13,107.1,108.17,,,
cbsl,2008-08-14,107.1,108.17,,,
cbsl,2008-08-15,107.11,108.13,,,
cbsl,2008-08-18,107.17,108.31,,,
cbsl,2008-08-19,107.28,108.3,,,
cbsl,2008-08-20,107.29,108.31,,,
cbsl,2008-08-21,107.3,108.32,,,
cbsl,2008-08-22,107.19,108.21,,,
cbsl,2008-08-25,107.16,108.18,,,
cbsl,2008-08-26,107.11,108.25,,,
cbsl,2008-08-27,107.24,108.38,,,
cbsl,2008-08-28,107.17,108.36,,,
cbsl,2008-08-29,107.26,108.44,,,
cbsl,2008-09-01,107.26,108.44,,,
cbsl,2008-09-02,107.22,108.4,,,
cbsl,2008-09-03,107.18,108.36,,,
cbsl,2008-09-04,107.1,108.29,,,
cbsl,2008-09-05,107.2,108.39,,,
cbsl,2008-09-08,107.24,108.41,,,
cbsl,2008-09-09,107.28,108.45,,,
cbsl,2008-09-10,107.29,108.46,,,
cbsl,2008-09-11,107.26,108.43,,,
cbsl,2008-09-12,107.27,108.44,,,
cbsl,2008-09-15,107.26,108.43,,,
cbsl,2008-09-16,107.28,108.45,,,
cbsl,2008-09-17,107.29,108.34,,,
cbsl,2008-09-18,107.28,108.45,,,
cbsl,2008-09-19,107.28,108.45,,,
cbsl,2008-09-22,107.27,108.44,,,
cbsl,2008-09-23,107.31,108.36,,,
cbsl,2008-09-24,107.31,108.36,,,
cbsl,2008-09-25,107.28,108.45,,,
cbsl,2008-09-26,107.29,108.38,,,
cbsl,2008-09-29,107.29,108.5,,,
cbsl,2008-09-30,107.37,108.46,,,
cbsl,2008-10-02,107.45,108.76,,,
cbsl,2008-10-03,107.36,108.62,,,
cbsl,2008-10-06,107.36,108.64,,,
cbsl,2008-10-07,107.32,108.58,,,
cbsl,2008-10-08,107.41,108.55,,,
cbsl,2008-10-09,107.43,108.57,,,
cbsl,2008-10-10,107.38,108.64,,,
cbsl,2008-10-13,107.39,108.65,,,
cbsl,2008-10-15,107.37,108.63,,,
cbsl,2008-10-16,107.37,108.63,,,
cbsl,2008-10-17,107.37,108.63,,,
cbsl,2008-10-20,107.41,108.62,,,
cbsl,2008-10-21,107.4,108.66,,,
cbsl,2008-10-22,107.42,108.63,,,
cbsl,2008-10-23,107.38,108.69,,,
cbsl,2008-10-24,107.37,108.68,,,
cbsl,2008-10-28,107.36,108.67,,,
cbsl,2008-10-29,107.37,108.68,,,
cbsl,2008-10-30,107.41,108.6,,,
cbsl,2008-10-31,109.29,111.11,,,
cbsl,2008-11-03,109.41,110.77,,,
cbsl,2008-11-04,109.36,110.77,,,
cbsl,2008-11-05,109.36,110.67,,,
cbsl,2008-11-06,109.35,110.66,,,
cbsl,2008-11-07,109.21,110.52,,,
cbsl,2008-11-10,109.41,110.68,,,
cbsl,2008-11-11,109.35,110.66,,,
cbsl,2008-11-13,109.35,110.66,,,
cbsl,2008-11-14,109.33,110.74,,,
cbsl,2008-11-17,109.4,110.71,,,
cbsl,2008-11-18,109.42,110.75,,,
cbsl,2008-11-19,109.43,110.76,,,
cbsl,2008-11-20,109.45,110.68,,,
cbsl,2008-11-21,109.42,110.75,,,
cbsl,2008-11-24,109.42,110.75,,,
cbsl,2008-11-25,109.48,110.67,,,
cbsl,2008-11-26,109.44,110.77,,,
cbsl,2008-11-27,109.44,110.67,,,
cbsl,2008-11-28,109.44,110.77,,,
cbsl,2008-12-01,109.46,110.79,,,
cbsl,2008-12-02,109.46,110.79,,,
cbsl,2008-12-03,109.47,110.8,,,
cbsl,2008-12-04,109.48,110.8,,,
cbsl,2008-12-05,109.48,110.8,,,
cbsl,2008-12-08,109.58,110.9,,,
cbsl,2008-12-10,109.94,111.44,,,
cbsl,2008-12-11,110.3,111.76,,,
cbsl,2008-12-15,110.78,112.14,,,
cbsl,2008-12-16,110.66,112.27,,,
cbsl,2008-12-17,111.1,112.51,,,
cbsl,2008-12-18,111.14,112.55,,,
cbsl,2008-12-19,111.16,112.57,,,
cbsl,2008-12-22,111.21,112.62,,,
cbsl,2008-12-23,111.18,112.79,,,
cbsl,2008-12-24,112.2,113.61,,,
cbsl,2008-12-26,112.23,113.64,,,
cbsl,2008-12-29,112.3,113.71,,,
cbsl,2008-12-30,112.33,113.75,,,
cbsl,2008-12-31,112.62,114.03,,,
cbsl,2009-01-01,112.37,113.94,,,
cbsl,2009-01-02,112.52,113.99,,,
cbsl,2009-01-05,113.02,114.44,,,
cbsl,2009-01-06,112.98,114.45,,,
cbsl,2009-01-07,113.16,114.59,,,
cbsl,2009-01-08,113.09,114.72,,,
cbsl,2009-01-09,113.12,114.75,,,
cbsl,2009-01-12,113.24,114.67,,,
cbsl,2009-01-13,113.14,114.77,,,
cbsl,2009-01-15,113.13,114.76,,,
cbsl,2009-01-16,113.13,114.76,,,
cbsl,2009-01-19,113.12,114.75,,,
cbsl,2009-01-20,113.12,114.75,,,
cbsl,2009-01-21,113.23,114.66,,,
cbsl,2009-01-22,113.13,114.76,,,
cbsl,2009-01-23,113.16,114.79,,,
cbsl,2009-01-26,113.17,114.8,,,
cbsl,2009-01-27,113.19,114.82,,,
cbsl,2009-01-28,113.19,114.82,,,
cbsl,2009-01-29,113.2,114.83,,,
cbsl,2009-01-30,113.22,114.85,,,
cbsl,2009-02-02,113.22,114.85,,,
cbsl,2009-02-03,113.2,114.83,,,
cbsl,2009-02-05,113.25,114.83,,,
cbsl,2009-02-06,113.28,114.86,,,
cbsl,2009-02-10,113.32,114.9,,,
cbsl,2009-02-11,113.32,114.88,,,
cbsl,2009-02-12,113.33,114.89,,,
cbsl,2009-02-13,113.34,114.85,,,
cbsl,2009-02-16,113.37,114.72,,,
cbsl,2009-02-17,113.53,115.04,,,
cbsl,2009-02-18,113.42,114.98,,,
cbsl,2009-02-19,113.55,115.13,,,
cbsl,2009-02-20,113.56,115.14,,,
cbsl,2009-02-24,113.63,115.26,,,
cbsl,2009-02-25,113.7,115.33,,,
cbsl,2009-02-26,113.99,115.62,,,
cbsl,2009-02-27,114.55,116.18,,,
cbsl,2009-03-02,113.81,115.44,,,
cbsl,2009-03-03,113.69,115.32,,,
cbsl,2009-03-04,113.65,115.05,,,
cbsl,2009-03-05,113.63,115.04,,,
cbsl,2009-03-06,113.56,115.19,,,
cbsl,2009-03-09,113.56,115.19,,,
cbsl,2009-03-11,113.57,115.2,,,
cbsl,2009-03-12,113.58,115.21,,,
cbsl,2009-03-13,113.56,115.19,,,
cbsl,2009-03-16,113.6,115.03,,,
cbsl,2009-03-17,113.42,115.05,,,
cbsl,2009-03-18,113.47,115.1,,,
cbsl,2009-03-19,113.43,115.06,,,
cbsl,2009-03-20,113.42,115.05,,,
cbsl,2009-03-23,113.33,114.96,,,
cbsl,2009-03-24,113.3,114.93,,,
cbsl,2009-03-25,113.33,114.96,,,
cbsl,2009-03-26,113.39,114.94,,,
cbsl,2009-03-27,113.82,115.25,,,
cbsl,2009-03-30,114.21,115.81,,,
cbsl,2009-03-31,114.68,116.28,,,
cbsl,2009-04-01,115.1,116.65,,,
cbsl,2009-04-02,115.17,116.72,,,
cbsl,2009-04-03,115.15,116.71,,,
cbsl,2009-04-06,115.15,116.71,,,
cbsl,2009-04-07,115.07,116.63,,,
cbsl,2009-04-08,114.96,116.51,,,
cbsl,2009-04-15,115.1,116.65,,,
cbsl,2009-04-16,115.1,116.65,,,
cbsl,2009-04-17,115.09,116.52,,,
cbsl,2009-04-20,115.36,116.9,,,
cbsl,2009-04-21,116.55,118.24,,,
cbsl,2009-04-22,117.7,120.1,,,
cbsl,2009-04-23,118.7,120.9,,,
cbsl,2009-04-24,119.04,121.39,,,
cbsl,2009-04-27,119.03,121.38,,,
cbsl,2009-04-28,118.96,121.11,,,
cbsl,2009-04-29,119.14,120.99,,,
cbsl,2009-04-30,119.16,121.01,,,
cbsl,2009-05-04,119.25,120.9,,,
cbsl,2009-05-05,119.09,120.94,,,
cbsl,2009-05-06,118.98,120.83,,,
cbsl,2009-05-07,116.1,118.18,,,
cbsl,2009-05-11,115.91,118.03,,,
cbsl,2009-05-12,116.21,118.19,,,
cbsl,2009-05-13,116.61,118.7,,,
cbsl,2009-05-14,116.9,118.94,,,
cbsl,2009-05-15,116.95,118.81,,,
cbsl,2009-05-18,114.61,117.14,,,
cbsl,2009-05-19,114.31,116.54,,,
cbsl,2009-05-21,114.31,116.29,,,
cbsl,2009-05-22,114.09,116.02,,,
cbsl,2009-05-25,114.04,115.97,,,
cbsl,2009-05-26,114.04,115.97,,,
cbsl,2009-05-27,114.04,115.97,,,
cbsl,2009-05-28,114.09,115.87,,,
cbsl,2009-05-29,114.19,115.87,,,
cbsl,2009-06-01,114.04,115.87,,,
cbsl,2009-06-02,114.22,115.75,,,
cbsl,2009-06-03,114.09,115.92,,,
cbsl,2009-06-04,114.08,115.91,,,
cbsl,2009-06-05,114.12,115.87,,,
cbsl,2009-06-08,114.12,115.87,,,
cbsl,2009-06-09,114.12,115.87,,,
cbsl,2009-06-10,114.14,115.84,,,
cbsl,2009-06-11,114.14,115.84,,,
cbsl,2009-06-12,114.14,115.84,,,
cbsl,2009-06-15,114.14,115.84,,,
cbsl,2009-06-16,114.14,115.84,,,
cbsl,2009-06-17,114.14,115.84,,,
cbsl,2009-06-18,114.09,115.77,,,
cbsl,2009-06-19,114.09,115.77,,,
cbsl,2009-06-22,114.09,115.77,,,
cbsl,2009-06-23,114.09,115.77,,,
cbsl,2009-06-24,114.09,115.77,,,
cbsl,2009-06-25,114.09,115.77,,,
cbsl,2009-06-26,114.1,115.78,,,
cbsl,2009-06-29,114.09,115.77,,,
cbsl,2009-06-30,114.11,115.82,,,
cbsl,2009-07-01,114.12,115.83,,,
cbsl,2009-07-02,114.11,115.82,,,
cbsl,2009-07-03,114.11,115.82,,,
cbsl,2009-07-07,114.11,115.82,,,
cbsl,2009-07-08,114.09,115.8,,,
cbsl,2009-07-09,114.09,115.8,,,
cbsl,2009-07-10,114.09,115.8,,,
cbsl,2009-07-13,114.09,115.8,,,
cbsl,2009-07-14,114.27,115.68,,,
cbsl,2009-07-15,114.09,115.8,,,
cbsl,2009-07-16,114.19,115.7,,,
cbsl,2009-07-17,114.09,115.8,,,
cbsl,2009-07-20,114.15,115.74,,,
cbsl,2009-07-21,114.18,115.69,,,
cbsl,2009-07-22,114.15,115.66,,,
cbsl,2009-07-23,114.16,115.67,,,
cbsl,2009-07-24,114.06,115.77,,,
cbsl,2009-07-27,114.15,115.66,,,
cbsl,2009-07-28,114.06,115.77,,,
cbsl,2009-07-29,114.24,115.65,,,
cbsl,2009-07-30,114.15,115.66,,,
cbsl,2009-07-31,114.08,115.81,,,
cbsl,2009-08-03,114.06,115.77,,,
cbsl,2009-08-04,114.15,115.66,,,
cbsl,2009-08-06,114.06,115.77,,,
cbsl,2009-08-07,114.03,115.72,,,
cbsl,2009-08-10,114.06,115.77,,,
cbsl,2009-08-11,114.15,115.66,,,
cbsl,2009-08-12,114.06,115.77,,,
cbsl,2009-08-13,114.24,115.65,,,
cbsl,2009-08-14,114.06,115.77,,,
cbsl,2009-08-17,114.25,115.66,,,
cbsl,2009-08-18,114.16,115.55,,,
cbsl,2009-08-19,114.17,115.58,,,
cbsl,2009-08-20,114.09,115.58,,,
cbsl,2009-08-21,114,115.69,,,
cbsl,2009-08-24,114.06,115.63,,,
cbsl,2009-08-25,114.17,115.56,,,
cbsl,2009-08-26,114.01,115.64,,,
cbsl,2009-08-27,114.09,115.58,,,
cbsl,2009-08-28,114.01,115.7,,,
cbsl,2009-08-31,114.1,115.64,,,
cbsl,2009-09-01,114.01,115.7,,,
cbsl,2009-09-02,114.07,115.64,,,
cbsl,2009-09-03,114.01,115.7,,,
cbsl,2009-09-07,113.99,115.66,,,
cbsl,2009-09-08,114.01,115.7,,,
cbsl,2009-09-09,114.09,115.58,,,
cbsl,2009-09-10,114.1,115.59,,,
cbsl,2009-09-11,114,115.67,,,
cbsl,2009-09-14,114.01,115.7,,,
cbsl,2009-09-15,114.08,115.61,,,
cbsl,2009-09-16,114.04,115.61,,,
cbsl,2009-09-17,114.09,115.58,,,
cbsl,2009-09-18,114.05,115.64,,,
cbsl,2009-09-22,114.04,115.61,,,
cbsl,2009-09-23,114.13,115.56,,,
cbsl,2009-09-24,114.08,115.57,,,
cbsl,2009-09-25,114.05,115.58,,,
cbsl,2009-09-28,114.03,115.66,,,
cbsl,2009-09-29,114.09,115.6,,,
cbsl,2009-09-30,114.02,115.63,,,
cbsl,2009-10-01,114.06,115.59,,,
cbsl,2009-10-02,114.03,115.66,,,
cbsl,2009-10-05,114.02,115.61,,,
cbsl,2009-10-06,114.03,115.66,,,
cbsl,2009-10-07,114.02,115.63,,,
cbsl,2009-10-08,114.06,115.59,,,
cbsl,2009-10-09,114.04,115.67,,,
cbsl,2009-10-12,114.06,115.59,,,
cbsl,2009-10-13,114.14,115.57,,,
cbsl,2009-10-14,114.02,115.63,,,
cbsl,2009-10-15,114.14,115.57,,,
cbsl,2009-10-16,114.04,115.67,,,
cbsl,2009-10-19,114.1,115.61,,,
cbsl,2009-10-20,114.06,115.59,,,
cbsl,2009-10-21,114.11,115.6,,,
cbsl,2009-10-22,114.14,115.53,,,
cbsl,2009-10-23,114.04,115.67,,,
cbsl,2009-10-26,114.1,115.61,,,
cbsl,2009-10-27,114.07,115.6,,,
cbsl,2009-10-28,114.03,115.64,,,
cbsl,2009-10-29,114.13,115.54,,,
cbsl,2009-10-30,114.03,115.64,,,
cbsl,2009-11-03,114.07,115.6,,,
cbsl,2009-11-04,114.11,115.62,,,
cbsl,2009-11-05,114.08,115.61,,,
cbsl,2009-11-06,114.04,115.68,,,
cbsl,2009-11-09,113.96,115.36,,,
cbsl,2009-11-10,113.75,115.25,,,
cbsl,2009-11-11,113.68,115.24,,,
cbsl,2009-11-12,113.71,115.21,,,
cbsl,2009-11-13,113.68,115.28,,,
cbsl,2009-11-16,113.67,115.25,,,
cbsl,2009-11-17,113.49,115.08,,,
cbsl,2009-11-18,113.48,114.99,,,
cbsl,2009-11-19,113.56,114.97,,,
cbsl,2009-11-20,113.48,114.99,,,
cbsl,2009-11-23,113.45,115.02,,,
cbsl,2009-11-24,113.52,115.04,,,
cbsl,2009-11-25,113.59,115.11,,,
cbsl,2009-11-26,113.74,115.13,,,
cbsl,2009-11-27,113.66,115.29,,,
cbsl,2009-11-30,113.69,115.3,,,
cbsl,2009-12-02,113.56,115.1,,,
cbsl,2009-12-03,113.5,115.09,,,
cbsl,2009-12-04,113.54,115.13,,,
cbsl,2009-12-07,113.57,115.18,,,
cbsl,2009-12-08,113.67,115.14,,,
cbsl,2009-12-09,113.47,115.04,,,
cbsl,2009-12-10,113.54,115.03,,,
cbsl,2009-12-11,113.55,115.14,,,
cbsl,2009-12-14,113.58,115.21,,,
cbsl,2009-12-15,113.61,115.1,,,
cbsl,2009-12-16,113.59,115.22,,,
cbsl,2009-12-17,113.6,115.01,,,
cbsl,2009-12-18,113.49,115.09,,,
cbsl,2009-12-21,113.73,115.14,,,
cbsl,2009-12-22,113.64,115.26,,,
cbsl,2009-12-23,113.58,115.11,,,
cbsl,2009-12-24,113.57,115.2,,,
cbsl,2009-12-28,113.68,115.18,,,
cbsl,2009-12-29,113.67,115.18,,,
cbsl,2009-12-30,113.61,115.15,,,
cbsl,2010-01-01,113.63,115.27,,,
cbsl,2010-01-04,113.66,115.18,,,
cbsl,2010-01-05,113.58,115.12,,,
cbsl,2010-01-06,113.63,115.08,,,
cbsl,2010-01-07,113.51,115.12,,,
cbsl,2010-01-08,113.56,115.19,,,
cbsl,2010-01-11,113.54,115.19,,,
cbsl,2010-01-12,113.64,115.09,,,
cbsl,2010-01-13,113.57,115.06,,,
cbsl,2010-01-15,113.57,115.16,,,
cbsl,2010-01-18,113.52,114.95,,,
cbsl,2010-01-19,113.45,115.02,,,
cbsl,2010-01-20,113.58,115.17,,,
cbsl,2010-01-21,113.6,115.19,,,
cbsl,2010-01-22,113.58,115.17,,,
cbsl,2010-01-25,113.7,115.09,,,
cbsl,2010-01-26,113.63,115.2,,,
cbsl,2010-01-28,113.65,115.22,,,
cbsl,2010-02-01,113.79,115.34,,,
cbsl,2010-02-02,113.83,115.4,,,
cbsl,2010-02-03,113.82,115.41,,,
cbsl,2010-02-05,113.84,115.43,,,
cbsl,2010-02-08,113.88,115.45,,,
cbsl,2010-02-09,113.92,115.51,,,
cbsl,2010-02-10,113.91,115.5,,,
cbsl,2010-02-11,113.88,115.45,,,
cbsl,2010-02-12,113.85,115.42,,,
cbsl,2010-02-15,113.75,115.32,,,
cbsl,2010-02-16,113.66,115.23,,,
cbsl,2010-02-17,113.65,115.14,,,
cbsl,2010-02-18,113.6,115.19,,,
cbsl,2010-02-19,113.62,115.21,,,
cbsl,2010-02-22,113.63,115.18,,,
cbsl,2010-02-23,113.53,115.08,,,
cbsl,2010-02-24,113.58,115.15,,,
cbsl,2010-02-25,113.57,115.14,,,
cbsl,2010-02-26,113.84,115.43,,,
cbsl,2010-03-01,113.8,115.29,,,
cbsl,2010-03-02,113.76,115.33,,,
cbsl,2010-03-03,113.74,115.23,,,
cbsl,2010-03-04,113.55,115.1,,,
cbsl,2010-03-05,113.47,115.06,,,
cbsl,2010-03-08,113.44,115.01,,,
cbsl,2010-03-09,113.41,115,,,
cbsl,2010-03-10,113.38,114.95,,,
cbsl,2010-03-11,113.32,114.81,,,
cbsl,2010-03-12,113.27,114.86,,,
cbsl,2010-03-15,113.33,114.64,,,
cbsl,2010-03-16,113.35,114.92,,,
cbsl,2010-03-17,113.34,114.93,,,
cbsl,2010-03-18,113.35,114.84,,,
cbsl,2010-03-19,113.32,114.93,,,
cbsl,2010-03-22,113.38,114.99,,,
cbsl,2010-03-23,113.31,114.88,,,
cbsl,2010-03-24,113.34,114.85,,,
cbsl,2010-03-25,113.38,114.98,,,
cbsl,2010-03-26,113.36,114.96,,,
cbsl,2010-03-30,113.3,114.89,,,
cbsl,2010-03-31,113.33,114.84,,,
cbsl,2010-04-01,113.21,114.82,,,
cbsl,2010-04-05,113.08,114.71,,,
cbsl,2010-04-06,113.05,114.67,,,
cbsl,2010-04-07,113.03,114.65,,,
cbsl,2010-04-08,113.05,114.68,,,
cbsl,2010-04-12,112.89,114.52,,,
cbsl,2010-04-15,112.99,114.62,,,
cbsl,2010-04-16,113.1,114.73,,,
cbsl,2010-04-19,113.14,114.79,,,
cbsl,2010-04-20,113.14,114.76,,,
cbsl,2010-04-21,113.16,114.78,,,
cbsl,2010-04-22,113.17,114.71,,,
cbsl,2010-04-23,113.16,114.8,,,
cbsl,2010-04-26,113.14,114.76,,,
cbsl,2010-04-27,113.15,114.79,,,
cbsl,2010-04-29,113.16,114.8,,,
cbsl,2010-04-30,113.17,114.79,,,
cbsl,2010-05-03,113.15,114.77,,,
cbsl,2010-05-04,112.96,114.58,,,
cbsl,2010-05-05,112.91,114.53,,,
cbsl,2010-05-06,112.92,114.56,,,
cbsl,2010-05-07,112.97,114.59,,,
cbsl,2010-05-10,112.91,114.53,,,
cbsl,2010-05-11,112.94,114.48,,,
cbsl,2010-05-12,112.94,114.48,,,
cbsl,2010-05-13,112.95,114.58,,,
cbsl,2010-05-14,112.94,114.58,,,
cbsl,2010-05-17,112.97,114.57,,,
cbsl,2010-05-18,112.97,114.61,,,
cbsl,2010-05-19,113.01,114.55,,,
cbsl,2010-05-20,112.95,114.49,,,
cbsl,2010-05-21,113.04,114.63,,,
cbsl,2010-05-24,113.09,114.68,,,
cbsl,2010-05-25,113.04,114.61,,,
cbsl,2010-05-26,113.03,114.62,,,
cbsl,2010-05-31,113.12,114.69,,,
cbsl,2010-06-01,113.06,114.65,,,
cbsl,2010-06-02,113.02,114.56,,,
cbsl,2010-06-03,112.93,114.5,,,
cbsl,2010-06-04,113,114.59,,,
cbsl,2010-06-07,112.98,114.57,,,
cbsl,2010-06-08,112.96,114.5,,,
cbsl,2010-06-09,112.93,114.5,,,
cbsl,2010-06-10,112.92,114.47,,,
cbsl,2010-06-11,112.88,114.45,,,
cbsl,2010-06-14,112.9,114.49,,,
cbsl,2010-06-15,112.86,114.43,,,
cbsl,2010-06-16,112.81,114.32,,,
cbsl,2010-06-17,112.78,114.33,,,
cbsl,2010-06-21,112.76,114.31,,,
cbsl,2010-06-22,112.76,114.26,,,
cbsl,2010-06-23,112.83,114.33,,,
cbsl,2010-06-24,112.81,114.36,,,
cbsl,2010-06-28,112.84,114.39,,,
cbsl,2010-06-29,112.76,114.31,,,
cbsl,2010-06-30,112.78,114.33,,,
cbsl,2010-07-01,112.82,114.36,,,
cbsl,2010-07-02,112.71,114.22,,,
cbsl,2010-07-05,112.75,114.18,,,
cbsl,2010-07-06,112.7,114.25,,,
cbsl,2010-07-07,112.67,114.2,,,
cbsl,2010-07-08,112.67,114.2,,,
cbsl,2010-07-09,112.67,114.2,,,
cbsl,2010-07-12,112.68,114.21,,,
cbsl,2010-07-13,112.53,114.07,,,
cbsl,2010-07-14,112.3,113.84,,,
cbsl,2010-07-15,112.2,113.75,,,
cbsl,2010-07-16,112.01,113.64,,,
cbsl,2010-07-19,111.97,113.58,,,
cbsl,2010-07-20,112,113.63,,,
cbsl,2010-07-21,112,113.62,,,
cbsl,2010-07-22,112.02,113.65,,,
cbsl,2010-07-23,112,113.63,,,
cbsl,2010-07-26,111.94,113.55,,,
cbsl,2010-07-27,112.07,113.7,,,
cbsl,2010-07-28,112.01,113.62,,,
cbsl,2010-07-29,111.91,113.5,,,
cbsl,2010-07-30,111.82,113.52,,,
cbsl,2010-08-02,111.89,113.5,,,
cbsl,2010-08-03,111.73,113.33,,,
cbsl,2010-08-04,111.73,113.1,,,
cbsl,2010-08-05,111.62,113.18,,,
cbsl,2010-08-06,111.6,113.18,,,
cbsl,2010-08-09,111.59,113.15,,,
cbsl,2010-08-10,111.58,113.14,,,
cbsl,2010-08-11,111.61,113.17,,,
cbsl,2010-08-12,111.6,113.16,,,
cbsl,2010-08-13,111.62,113.2,,,
cbsl,2010-08-16,111.59,113.15,,,
cbsl,2010-08-17,111.64,113.2,,,
cbsl,2010-08-18,111.63,113.19,,,
cbsl,2010-08-19,111.64,113.22,,,
cbsl,2010-08-20,111.62,113.18,,,
cbsl,2010-08-23,111.63,113.19,,,
cbsl,2010-08-25,111.79,113.15,,,
cbsl,2010-08-26,111.91,113.3,,,
cbsl,2010-08-27,111.85,113.44,,,
cbsl,2010-08-30,111.9,113.47,,,
cbsl,2010-08-31,111.95,113.54,,,
cbsl,2010-09-01,111.97,113.56,,,
cbsl,2010-09-02,111.98,113.59,,,
cbsl,2010-09-03,111.81,113.42,,,
cbsl,2010-09-06,111.9,113.49,,,
cbsl,2010-09-07,111.73,113.31,,,
cbsl,2010-09-08,111.82,113.41,,,
cbsl,2010-09-09,111.88,113.49,,,
cbsl,2010-09-13,111.98,113.37,,,
cbsl,2010-09-14,111.75,113.34,,,
cbsl,2010-09-15,111.72,113.3,,,
cbsl,2010-09-16,111.73,113.31,,,
cbsl,2010-09-17,111.67,113.27,,,
cbsl,2010-09-20,111.7,113.2,,,
cbsl,2010-09-21,111.71,113.29,,,
cbsl,2010-09-23,111.7,113.28,,,
cbsl,2010-09-24,111.67,113.27,,,
cbsl,2010-09-27,111.28,112.83,,,
cbsl,2010-09-28,111.17,112.76,,,
cbsl,2010-09-29,111.11,112.68,,,
cbsl,2010-09-30,111.18,112.77,,,
cbsl,2010-10-01,111.24,112.84,,,
cbsl,2010-10-04,111.1,112.68,,,
cbsl,2010-10-05,111.07,112.65,,,
cbsl,2010-10-06,110.98,112.58,,,
cbsl,2010-10-07,110.95,112.53,,,
cbsl,2010-10-08,110.91,112.51,,,
cbsl,2010-10-11,111,112.58,,,
cbsl,2010-10-12,111.06,112.64,,,
cbsl,2010-10-13,111.15,112.73,,,
cbsl,2010-10-14,111.05,112.63,,,
cbsl,2010-10-15,111.05,112.65,,,
cbsl,2010-10-18,111.02,112.6,,,
cbsl,2010-10-19,111.05,112.63,,,
cbsl,2010-10-20,111.04,112.62,,,
cbsl,2010-10-21,111.09,112.69,,,
cbsl,2010-10-25,111.01,112.6,,,
cbsl,2010-10-26,110.97,112.56,,,
cbsl,2010-10-27,110.97,112.55,,,
cbsl,2010-10-28,110.97,112.55,,,
cbsl,2010-10-29,110.96,112.64,,,
cbsl,2010-11-01,110.95,112.53,,,
cbsl,2010-11-02,110.95,112.53,,,
cbsl,2010-11-03,110.94,112.52,,,
cbsl,2010-11-04,110.94,112.52,,,
cbsl,2010-11-08,110.89,112.47,,,
cbsl,2010-11-09,110.76,112.34,,,
cbsl,2010-11-10,110.86,112.44,,,
cbsl,2010-11-11,110.84,112.49,,,
cbsl,2010-11-12,110.82,112.47,,,
cbsl,2010-11-15,110.9,112.57,,,
cbsl,2010-11-16,110.87,112.62,,,
cbsl,2010-11-18,110.88,112.53,,,
cbsl,2010-11-19,110.91,112.58,,,
cbsl,2010-11-22,110.86,112.51,,,
cbsl,2010-11-23,110.67,112.37,,,
cbsl,2010-11-24,110.58,112.28,,,
cbsl,2010-11-25,110.52,112.22,,,
cbsl,2010-11-26,110.67,112.37,,,
cbsl,2010-11-29,110.78,112.39,,,
cbsl,2010-11-30,110.65,112.33,,,
cbsl,2010-12-01,110.57,112.25,,,
cbsl,2010-12-02,110.41,112.1,,,
cbsl,2010-12-03,110.44,112.13,,,
cbsl,2010-12-06,110.51,112.2,,,
cbsl,2010-12-07,110.47,112.18,,,
cbsl,2010-12-08,110.38,112.07,,,
cbsl,2010-12-09,110.28,111.98,,,
cbsl,2010-12-10,110.15,111.85,,,
cbsl,2010-12-13,110.15,111.95,,,
cbsl,2010-12-14,110.15,111.95,,,
cbsl,2010-12-15,110.21,111.83,,,
cbsl,2010-12-16,110.11,111.81,,,
cbsl,2010-12-17,110.18,111.88,,,
cbsl,2010-12-21,110.28,111.98,,,
cbsl,2010-12-22,110.41,112.11,,,
cbsl,2010-12-23,110.4,112.1,,,
cbsl,2010-12-24,110.37,112.09,,,
cbsl,2010-12-27,110.38,112.1,,,
cbsl,2010-12-28,110.23,111.93,,,
cbsl,2010-12-29,110.15,111.85,,,
cbsl,2010-12-30,110.13,111.85,,,
cbsl,2010-12-31,110.2,112.02,,,
cbsl,2011-01-03,110.12,111.82,,,
cbsl,2011-01-04,110.13,111.83,,,
cbsl,2011-01-05,110.15,111.87,,,
cbsl,2011-01-06,110.04,111.74,,,
cbsl,2011-01-07,110.12,111.84,,,
cbsl,2011-01-10,110.12,111.84,,,
cbsl,2011-01-11,110.1,111.83,,,
cbsl,2011-01-12,110.08,111.81,,,
cbsl,2011-01-13,110.06,111.79,,,
cbsl,2011-01-14,110.07,111.7,,,
cbsl,2011-01-17,110.06,111.79,,,
cbsl,2011-01-18,110.06,111.79,,,
cbsl,2011-01-20,110.08,111.81,,,
cbsl,2011-01-21,110.18,111.9,,,
cbsl,2011-01-24,110.15,111.95,,,
cbsl,2011-01-25,109.9,111.78,,,
cbsl,2011-01-26,110.1,111.8,,,
cbsl,2011-01-27,110.23,111.93,,,
cbsl,2011-01-28,110.25,111.97,,,
cbsl,2011-01-31,110.28,112,,,
cbsl,2011-02-01,110.31,111.91,,,
cbsl,2011-02-02,110.26,111.96,,,
cbsl,2011-02-03,110.1,111.85,,,
cbsl,2011-02-07,110.09,111.8,,,
cbsl,2011-02-08,110.18,111.91,,,
cbsl,2011-02-09,110.2,111.83,,,
cbsl,2011-02-10,110.18,111.91,,,
cbsl,2011-02-11,110.14,111.95,,,
cbsl,2011-02-14,110.24,111.97,,,
cbsl,2011-02-15,110.25,111.98,,,
cbsl,2011-02-18,110.21,111.94,,,
cbsl,2011-02-21,110.15,111.88,,,
cbsl,2011-02-22,110.15,111.78,,,
cbsl,2011-02-23,110.13,111.86,,,
cbsl,2011-02-24,110.11,111.84,,,
cbsl,2011-02-25,110.02,111.76,,,
cbsl,2011-02-28,109.95,111.67,,,
cbsl,2011-03-01,109.92,111.64,,,
cbsl,2011-03-03,109.84,111.56,,,
cbsl,2011-03-04,109.9,111.64,,,
cbsl,2011-03-07,109.68,111.4,,,
cbsl,2011-03-08,109.6,111.32,,,
cbsl,2011-03-09,109.37,111.11,,,
cbsl,2011-03-10,109.28,111.02,,,
cbsl,2011-03-11,109.25,110.99,,,
cbsl,2011-03-14,109.27,111.01,,,
cbsl,2011-03-15,109.41,111.15,,,
cbsl,2011-03-16,109.61,111.35,,,
cbsl,2011-03-17,109.55,111.29,,,
cbsl,2011-03-18,109.57,111.31,,,
cbsl,2011-03-21,109.6,111.34,,,
cbsl,2011-03-22,109.59,111.33,,,
cbsl,2011-03-23,109.58,111.32,,,
cbsl,2011-03-24,109.59,111.33,,,
cbsl,2011-03-25,109.55,111.37,,,
cbsl,2011-03-28,109.59,111.33,,,
cbsl,2011-03-29,109.59,111.33,,,
cbsl,2011-03-30,109.59,111.33,,,
cbsl,2011-03-31,109.59,111.33,,,
cbsl,2011-04-01,109.59,111.33,,,
cbsl,2011-04-04,109.52,111.25,,,
cbsl,2011-04-05,109.58,111.32,,,
cbsl,2011-04-06,109.55,111.37,,,
cbsl,2011-04-07,109.59,111.33,,,
cbsl,2011-04-08,109.56,111.3,,,
cbsl,2011-04-11,109.54,111.28,,,
cbsl,2011-04-12,109.51,111.25,,,
cbsl,2011-04-18,109.55,111.29,,,
cbsl,2011-04-19,109.54,111.28,,,
cbsl,2011-04-20,109.49,111.23,,,
cbsl,2011-04-21,109.45,111.19,,,
cbsl,2011-04-25,109.35,111.05,,,
cbsl,2011-04-26,109.35,111.05,,,
cbsl,2011-04-27,109.35,111.05,,,
cbsl,2011-04-28,109.21,110.89,,,
cbsl,2011-04-29,109.02,110.78,,,
cbsl,2011-05-03,109.03,110.71,,,
cbsl,2011-05-04,109.02,110.7,,,
cbsl,2011-05-05,108.93,110.59,,,
cbsl,2011-05-06,108.99,110.67,,,
cbsl,2011-05-09,108.99,110.67,,,
cbsl,2011-05-10,108.99,110.67,,,
cbsl,2011-05-11,108.99,110.67,,,
cbsl,2011-05-12,108.96,110.64,,,
cbsl,2011-05-13,108.97,110.65,,,
cbsl,2011-05-16,109.17,110.65,,,
cbsl,2011-05-19,108.97,110.65,,,
cbsl,2011-05-20,108.97,110.65,,,
cbsl,2011-05-23,108.99,110.67,,,
cbsl,2011-05-24,109.15,110.71,,,
cbsl,2011-05-25,109.11,110.79,,,
cbsl,2011-05-26,109.13,110.81,,,
cbsl,2011-05-27,109.09,110.77,,,
cbsl,2011-05-30,109.05,110.73,,,
cbsl,2011-05-31,108.92,110.52,,,
cbsl,2011-06-01,108.95,110.55,,,
cbsl,2011-06-02,108.88,110.46,,,
cbsl,2011-06-03,108.9,110.58,,,
cbsl,2011-06-06,108.93,110.53,,,
cbsl,2011-06-07,108.9,110.5,,,
cbsl,2011-06-08,108.86,110.46,,,
cbsl,2011-06-09,108.78,110.34,,,
cbsl,2011-06-10,108.73,110.33,,,
cbsl,2011-06-13,108.76,110.36,,,
cbsl,2011-06-14,108.73,110.33,,,
cbsl,2011-06-16,108.8,110.4,,,
cbsl,2011-06-17,108.79,110.39,,,
cbsl,2011-06-20,108.79,110.39,,,
cbsl,2011-06-21,108.79,110.39,,,
cbsl,2011-06-22,108.79,110.39,,,
cbsl,2011-06-23,108.79,110.39,,,
cbsl,2011-06-24,108.79,110.39,,,
cbsl,2011-06-27,108.87,110.47,,,
cbsl,2011-06-28,108.87,110.47,,,
cbsl,2011-06-29,108.87,110.47,,,
cbsl,2011-06-30,108.76,110.36,,,
cbsl,2011-07-01,108.75,110.35,,,
cbsl,2011-07-04,108.69,110.27,,,
cbsl,2011-07-05,108.74,110.34,,,
cbsl,2011-07-06,108.71,110.31,,,
cbsl,2011-07-07,108.71,110.31,,,
cbsl,2011-07-08,108.71,110.31,,,
cbsl,2011-07-11,108.71,110.31,,,
cbsl,2011-07-12,108.72,110.32,,,
cbsl,2011-07-13,108.75,110.35,,,
cbsl,2011-07-15,108.73,110.33,,,
cbsl,2011-07-18,108.71,110.31,,,
cbsl,2011-07-19,108.71,110.31,,,
cbsl,2011-07-20,108.71,110.31,,,
cbsl,2011-07-21,108.67,110.35,,,
cbsl,2011-07-22,108.7,110.3,,,
cbsl,2011-07-25,108.71,110.31,,,
cbsl,2011-07-26,108.71,110.31,,,
cbsl,2011-07-27,108.71,110.31,,,
cbsl,2011-07-28,108.71,110.31,,,
cbsl,2011-07-29,108.7,110.3,,,
cbsl,2011-08-01,108.7,110.3,,,
cbsl,2011-08-02,108.69,110.27,,,
cbsl,2011-08-03,108.75,110.33,,,
cbsl,2011-08-04,108.82,110.42,,,
cbsl,2011-08-05,108.92,110.52,,,
cbsl,2011-08-08,108.91,110.51,,,
cbsl,2011-08-09,108.96,110.56,,,
cbsl,2011-08-10,108.93,110.51,,,
cbsl,2011-08-11,108.96,110.56,,,
cbsl,2011-08-12,108.93,110.53,,,
cbsl,2011-08-15,108.88,110.46,,,
cbsl,2011-08-16,108.97,110.57,,,
cbsl,2011-08-17,109.05,110.65,,,
cbsl,2011-08-18,109.06,110.66,,,
cbsl,2011-08-19,109.09,110.69,,,
cbsl,2011-08-22,109.11,110.71,,,
cbsl,2011-08-23,109.11,110.71,,,
cbsl,2011-08-24,109.13,110.73,,,
cbsl,2011-08-25,109.13,110.73,,,
cbsl,2011-08-26,109.14,110.74,,,
cbsl,2011-08-29,109.13,110.72,,,
cbsl,2011-08-30,109.09,110.69,,,
cbsl,2011-09-01,109.12,110.72,,,
cbsl,2011-09-02,109.13,110.73,,,
cbsl,2011-09-05,109.19,110.81,,,
cbsl,2011-09-06,109.24,110.86,,,
cbsl,2011-09-07,109.27,110.89,,,
cbsl,2011-09-08,109.35,110.97,,,
cbsl,2011-09-09,109.36,110.98,,,
cbsl,2011-09-12,109.29,110.91,,,
cbsl,2011-09-13,109.29,110.91,,,
cbsl,2011-09-14,109.29,110.91,,,
cbsl,2011-09-15,109.29,110.91,,,
cbsl,2011-09-16,109.29,110.91,,,
cbsl,2011-09-19,109.25,110.89,,,
cbsl,2011-09-20,109.26,110.96,,,
cbsl,2011-09-21,109.37,110.99,,,
cbsl,2011-09-22,109.41,111.13,,,
cbsl,2011-09-23,109.49,111.13,,,
cbsl,2011-09-26,109.43,111.15,,,
cbsl,2011-09-27,109.49,111.13,,,
cbsl,2011-09-28,109.45,111.09,,,
cbsl,2011-09-29,109.43,111.07,,,
cbsl,2011-09-30,109.41,111.05,,,
cbsl,2011-10-03,109.41,111.05,,,
cbsl,2011-10-04,109.42,111.06,,,
cbsl,2011-10-05,109.41,111.05,,,
cbsl,2011-10-06,109.41,111.05,,,
cbsl,2011-10-07,109.41,111.05,,,
cbsl,2011-10-10,109.41,111.05,,,
cbsl,2011-10-12,109.41,111.05,,,
cbsl,2011-10-13,109.41,111.05,,,
cbsl,2011-10-14,109.41,111.05,,,
cbsl,2011-10-17,109.42,111.05,,,
cbsl,2011-10-18,109.42,111.05,,,
cbsl,2011-10-19,109.42,111.05,,,
cbsl,2011-10-20,109.42,111.05,,,
cbsl,2011-10-21,109.42,111.05,,,
cbsl,2011-10-24,109.42,111.05,,,
cbsl,2011-10-25,109.42,111.05,,,
cbsl,2011-10-27,109.42,111.05,,,
cbsl,2011-10-28,109.42,111.05,,,
cbsl,2011-10-31,109.36,110.99,,,
cbsl,2011-11-01,109.43,111.06,,,
cbsl,2011-11-02,109.42,111.05,,,
cbsl,2011-11-03,109.42,111.05,,,
cbsl,2011-11-04,109.42,111.05,,,
cbsl,2011-11-08,109.42,111.05,,,
cbsl,2011-11-09,109.42,111.05,,,
cbsl,2011-11-11,109.42,111.05,,,
cbsl,2011-11-14,109.42,111.05,,,
cbsl,2011-11-15,109.42,111.05,,,
cbsl,2011-11-16,109.42,111.05,,,
cbsl,2011-11-17,109.42,111.05,,,
cbsl,2011-11-18,109.49,111.13,,,
cbsl,2011-11-21,109.6,111.24,,,
cbsl,2011-11-22,112.56,114.7,,,
cbsl,2011-11-23,112.99,114.88,,,
cbsl,2011-11-24,112.97,114.88,,,
cbsl,2011-11-25,112.97,114.88,,,
cbsl,2011-11-28,112.97,114.88,,,
cbsl,2011-11-29,112.97,114.88,,,
cbsl,2011-11-30,112.97,114.88,,,
cbsl,2011-12-01,112.97,114.88,,,
cbsl,2011-12-02,112.97,114.88,,,
cbsl,2011-12-05,112.97,114.88,,,
cbsl,2011-12-06,112.97,114.88,,,
cbsl,2011-12-07,112.97,114.88,,,
cbsl,2011-12-08,112.97,114.88,,,
cbsl,2011-12-09,112.97,114.88,,,
cbsl,2011-12-12,112.97,114.88,,,
cbsl,2011-12-13,112.97,114.88,,,
cbsl,2011-12-14,112.97,114.88,,,
cbsl,2011-12-15,112.97,114.88,,,
cbsl,2011-12-16,112.97,114.88,,,
cbsl,2011-12-19,112.97,114.88,,,
cbsl,2011-12-20,112.97,114.88,,,
cbsl,2011-12-21,112.97,114.88,,,
cbsl,2011-12-22,112.97,114.88,,,
cbsl,2011-12-23,112.97,114.88,,,
cbsl,2011-12-27,112.97,114.88,,,
cbsl,2011-12-28,112.93,114.82,,,
cbsl,2011-12-29,112.97,114.88,,,
cbsl,2011-12-30,113.01,114.88,,,
cbsl,2012-01-02,113.01,114.88,,,
cbsl,2012-01-03,113.01,114.88,,,
cbsl,2012-01-04,113.01,114.88,,,
cbsl,2012-01-05,113.01,114.88,,,
cbsl,2012-01-06,113.01,114.88,,,
cbsl,2012-01-09,113.01,114.88,,,
cbsl,2012-01-10,113.01,114.88,,,
cbsl,2012-01-11,113.01,114.88,,,
cbsl,2012-01-12,113.01,114.88,,,
cbsl,2012-01-13,113.01,114.88,,,
cbsl,2012-01-17,113.01,114.88,,,
cbsl,2012-01-18,112.97,114.82,,,
cbsl,2012-01-19,113.01,114.88,,,
cbsl,2012-01-20,113.01,114.88,,,
cbsl,2012-01-23,113.01,114.88,,,
cbsl,2012-01-24,113.01,114.88,,,
cbsl,2012-01-25,113.01,114.88,,,
cbsl,2012-01-26,113.01,114.88,,,
cbsl,2012-01-27,113.01,114.88,,,
cbsl,2012-01-30,113.01,114.88,,,
cbsl,2012-01-31,113.01,114.88,,,
cbsl,2012-02-01,113.01,114.88,,,
cbsl,2012-02-02,113.01,114.88,,,
cbsl,2012-02-03,113.01,114.88,,,
cbsl,2012-02-06,113.31,115.18,,,
cbsl,2012-02-08,113.35,115.22,,,
cbsl,2012-02-09,113.44,115.31,,,
cbsl,2012-02-13,114.33,116.57,,,
cbsl,2012-02-14,117.08,119.4,,,
cbsl,2012-02-15,119.16,122.35,,,
cbsl,2012-02-16,117.86,121.04,,,
cbsl,2012-02-17,117.56,120.54,,,
cbsl,2012-02-21,117.02,119.99,,,
cbsl,2012-02-22,117.31,119.89,,,
cbsl,2012-02-23,117.58,120.16,,,
cbsl,2012-02-24,117.91,120.57,,,
cbsl,2012-02-27,118.44,121.35,,,
cbsl,2012-02-28,119.67,122.94,,,
cbsl,2012-02-29,119.65,123.05,,,
cbsl,2012-03-01,120,123.45,,,
cbsl,2012-03-02,118.01,121.49,,,
cbsl,2012-03-05,119.3,122.9,,,
cbsl,2012-03-06,119.99,123.49,,,
cbsl,2012-03-08,119.95,123.35,,,
cbsl,2012-03-09,119.67,123.02,,,
cbsl,2012-03-12,119.85,123.05,,,
cbsl,2012-03-13,120.26,123.46,,,
cbsl,2012-03-14,121.25,124.61,,,
cbsl,2012-03-15,122.49,125.96,,,
cbsl,2012-03-16,122.94,126.41,,,
cbsl,2012-03-19,123.89,127.26,,,
cbsl,2012-03-20,127.57,131.63,,,
cbsl,2012-03-21,127.97,131.93,,,
cbsl,2012-03-22,128.32,132.23,,,
cbsl,2012-03-23,128.32,132.08,,,
cbsl,2012-03-26,128.22,131.93,,,
cbsl,2012-03-27,128.27,131.93,,,
cbsl,2012-03-28,128.32,131.43,,,
cbsl,2012-03-29,127.51,130.67,,,
cbsl,2012-03-30,126.13,129.57,,,
cbsl,2012-04-02,126.29,129.73,,,
cbsl,2012-04-03,126.31,129.55,,,
cbsl,2012-04-04,124.84,128.27,,,
cbsl,2012-04-05,123.69,127.21,,,
cbsl,2012-04-09,124.09,127.52,,,
cbsl,2012-04-10,124.05,127.27,,,
cbsl,2012-04-11,125.92,130.27,,,
cbsl,2012-04-16,125.88,129.32,,,
cbsl,2012-04-17,126.08,129.52,,,
cbsl,2012-04-18,126.91,130.15,,,
cbsl,2012-04-19,126.91,130.15,,,
cbsl,2012-04-20,127.57,131.13,,,
cbsl,2012-04-23,128.47,131.93,,,
cbsl,2012-04-24,129.69,133.16,,,
cbsl,2012-04-25,130.46,133.74,,,
cbsl,2012-04-26,130.11,133.98,,,
cbsl,2012-04-27,128.99,132.92,,,
cbsl,2012-04-30,127.95,131.77,,,
cbsl,2012-05-02,128.09,132.07,,,
cbsl,2012-05-03,126.26,129.83,,,
cbsl,2012-05-04,125.03,129.07,,,
cbsl,2012-05-08,125.4,129.45,,,
cbsl,2012-05-09,125.78,129.83,,,
cbsl,2012-05-10,125.78,129.83,,,
cbsl,2012-05-11,125.58,129.63,,,
cbsl,2012-05-14,125.91,129.97,,,
cbsl,2012-05-15,126.38,130.34,,,
cbsl,2012-05-16,126.77,130.63,,,
cbsl,2012-05-17,126.97,130.83,,,
cbsl,2012-05-18,127.08,130.94,,,
cbsl,2012-05-21,127.62,131.29,,,
cbsl,2012-05-22,127.81,131.49,,,
cbsl,2012-05-23,127.78,131.46,,,
cbsl,2012-05-24,128.15,131.83,,,
cbsl,2012-05-25,128.57,132.25,,,
cbsl,2012-05-28,128.81,132.49,,,
cbsl,2012-05-29,129.07,132.75,,,
cbsl,2012-05-30,129.82,133.52,,,
cbsl,2012-05-31,130.4,134,,,
cbsl,2012-06-01,130.05,133.65,,,
cbsl,2012-06-05,129.01,132.69,,,
cbsl,2012-06-06,128.85,132.53,,,
cbsl,2012-06-07,128.25,131.93,,,
cbsl,2012-06-08,128.46,132.14,,,
cbsl,2012-06-11,128.53,132.21,,,
cbsl,2012-06-12,129.95,133.55,,,
cbsl,2012-06-13,130.45,134.25,,,
cbsl,2012-06-14,130.35,133.95,,,
cbsl,2012-06-15,130.24,133.94,,,
cbsl,2012-06-18,130.2,133.9,,,
cbsl,2012-06-19,130.3,134,,,
cbsl,2012-06-20,130.71,134.41,,,
cbsl,2012-06-21,130.73,134.43,,,
cbsl,2012-06-22,130.73,134.43,,,
cbsl,2012-06-25,130.93,134.63,,,
cbsl,2012-06-26,131.44,135.16,,,
cbsl,2012-06-27,131.84,135.36,,,
cbsl,2012-06-28,131.99,135.51,,,
cbsl,2012-06-29,131.94,135.46,,,
cbsl,2012-07-02,131.94,135.46,,,
cbsl,2012-07-04,131.94,135.46,,,
cbsl,2012-07-05,131.88,135.4,,,
cbsl,2012-07-06,131.87,135.38,,,
cbsl,2012-07-09,131.83,135.34,,,
cbsl,2012-07-10,131.85,135.36,,,
cbsl,2012-07-11,131.86,135.37,,,
cbsl,2012-07-12,131.88,135.4,,,
cbsl,2012-07-13,131.88,135.4,,,
cbsl,2012-07-16,131.9,135.42,,,
cbsl,2012-07-17,131.88,135.39,,,
cbsl,2012-07-18,131.88,135.4,,,
cbsl,2012-07-19,131.51,135.02,,,
cbsl,2012-07-20,130.95,134.45,,,
cbsl,2012-07-23,129.86,133.35,,,
cbsl,2012-07-24,129.26,132.74,,,
cbsl,2012-07-25,129.21,132.69,,,
cbsl,2012-07-26,129.29,132.77,,,
cbsl,2012-07-27,129.58,133.06,,,
cbsl,2012-07-30,129.93,133.42,,,
cbsl,2012-07-31,130.07,133.47,,,
cbsl,2012-08-02,130.13,133.43,,,
cbsl,2012-08-03,130.18,133.48,,,
cbsl,2012-08-06,130.19,133.49,,,
cbsl,2012-08-07,130.24,133.44,,,
cbsl,2012-08-08,130.23,133.43,,,
cbsl,2012-08-09,130.35,133.41,,,
cbsl,2012-08-10,130.42,133.44,,,
cbsl,2012-08-13,130.39,133.41,,,
cbsl,2012-08-14,130.5,133.52,,,
cbsl,2012-08-15,130.5,133.52,,,
cbsl,2012-08-16,130.5,133.52,,,
cbsl,2012-08-17,130.54,133.56,,,
cbsl,2012-08-20,130.87,133.89,,,
cbsl,2012-08-21,130.82,133.84,,,
cbsl,2012-08-22,130.83,133.85,,,
cbsl,2012-08-23,130.82,133.84,,,
cbsl,2012-08-24,130.83,133.85,,,
cbsl,2012-08-27,130.83,133.85,,,
cbsl,2012-08-28,131.06,134.08,,,
cbsl,2012-08-29,130.99,134.01,,,
cbsl,2012-08-30,130.94,133.96,,,
cbsl,2012-09-03,130.84,133.86,,,
cbsl,2012-09-04,130.84,133.86,,,
cbsl,2012-09-05,130.84,133.86,,,
cbsl,2012-09-06,130.9,133.82,,,
cbsl,2012-09-07,130.91,133.83,,,
cbsl,2012-09-10,130.9,133.82,,,
cbsl,2012-09-11,130.9,133.82,,,
cbsl,2012-09-12,130.87,133.79,,,
cbsl,2012-09-13,130.6,133.52,,,
cbsl,2012-09-14,130.45,133.37,,,
cbsl,2012-09-17,130.54,133.46,,,
cbsl,2012-09-18,130.52,133.44,,,
cbsl,2012-09-19,130.55,134.43,,,
cbsl,2012-09-20,130.17,133.17,,,
cbsl,2012-09-21,130.1,133.1,,,
cbsl,2012-09-24,129.97,132.97,,,
cbsl,2012-09-25,129.74,132.74,,,
cbsl,2012-09-26,129.6,132.6,,,
cbsl,2012-09-27,129.58,132.58,,,
cbsl,2012-09-28,127.89,131.17,,,
cbsl,2012-10-01,127.99,131.17,,,
cbsl,2012-10-02,127.7,130.88,,,
cbsl,2012-10-03,127.8,130.98,,,
cbsl,2012-10-04,127.88,131.06,,,
cbsl,2012-10-05,127.88,131.06,,,
cbsl,2012-10-08,126.97,130.14,,,
cbsl,2012-10-09,126.93,130.1,,,
cbsl,2012-10-10,126.95,130.12,,,
cbsl,2012-10-11,127.02,130.19,,,
cbsl,2012-10-12,126.99,130.16,,,
cbsl,2012-10-15,126.97,130.14,,,
cbsl,2012-10-16,127.42,130.5,,,
cbsl,2012-10-17,127.36,130.44,,,
cbsl,2012-10-18,127.4,130.48,,,
cbsl,2012-10-19,127.5,130.58,,,
cbsl,2012-10-22,127.62,130.7,,,
cbsl,2012-10-23,128.16,131.24,,,
cbsl,2012-10-24,128.45,131.53,,,
cbsl,2012-10-25,128.49,131.57,,,
cbsl,2012-10-26,128.32,131.4,,,
cbsl,2012-10-30,128.44,131.52,,,
cbsl,2012-10-31,128.52,131.6,,,
cbsl,2012-11-01,128.67,131.75,,,
cbsl,2012-11-02,128.73,131.81,,,
cbsl,2012-11-05,128.76,131.84,,,
cbsl,2012-11-06,128.85,131.93,,,
cbsl,2012-11-07,129.21,132.25,,,
cbsl,2012-11-08,129.43,132.38,,,
cbsl,2012-11-09,129.4,132.35,,,
cbsl,2012-11-12,129.37,132.31,,,
cbsl,2012-11-14,129.24,132.17,,,
cbsl,2012-11-15,128.88,131.76,,,
cbsl,2012-11-16,128.52,131.4,,,
cbsl,2012-11-19,128.63,131.51,,,
cbsl,2012-11-20,128.74,131.62,,,
cbsl,2012-11-21,128.85,131.73,,,
cbsl,2012-11-22,128.9,131.78,,,
cbsl,2012-11-23,128.84,131.72,,,
cbsl,2012-11-26,128.78,131.7,,,
cbsl,2012-11-28,128.8,131.68,,,
cbsl,2012-11-29,128.79,131.67,,,
cbsl,2012-11-30,128.82,131.7,,,
cbsl,2012-12-03,128.62,131.5,,,
cbsl,2012-12-04,128.09,130.97,,,
cbsl,2012-12-05,127.02,129.99,,,
cbsl,2012-12-06,127.29,130.27,,,
cbsl,2012-12-07,127.24,130.21,,,
cbsl,2012-12-10,127.16,130.13,,,
cbsl,2012-12-11,127.25,130.23,,,
cbsl,2012-12-12,127.35,130.28,,,
cbsl,2012-12-13,127.28,130.2,,,
cbsl,2012-12-14,127.07,129.99,,,
cbsl,2012-12-17,127.11,130.03,,,
cbsl,2012-12-18,127.24,130.16,,,
cbsl,2012-12-19,127.28,130.2,,,
cbsl,2012-12-20,127.07,129.99,,,
cbsl,2012-12-21,124.58,127.63,,,
cbsl,2012-12-24,125.35,128.61,,,
cbsl,2012-12-26,125.51,128.77,,,
cbsl,2012-12-28,125.42,128.68,,,
cbsl,2012-12-31,125.56,128.82,,,
cbsl,2013-01-01,126.33,129.59,,,
cbsl,2013-01-02,126.13,129.39,,,
cbsl,2013-01-03,126.08,129.34,,,
cbsl,2013-01-04,126.15,129.41,,,
cbsl,2013-01-07,126.11,129.37,,,
cbsl,2013-01-08,126.01,129.27,,,
cbsl,2013-01-09,125.39,128.65,,,
cbsl,2013-01-10,124.74,127.99,,,
cbsl,2013-01-11,124.68,127.93,,,
cbsl,2013-01-15,124.72,127.97,,,
cbsl,2013-01-16,124.88,128.13,,,
cbsl,2013-01-17,124.91,128.16,,,
cbsl,2013-01-18,124.99,128.24,,,
cbsl,2013-01-21,124.99,128.24,,,
cbsl,2013-01-22,124.98,128.23,,,
cbsl,2013-01-23,125.05,128.3,,,
cbsl,2013-01-24,125.41,128.67,,,
cbsl,2013-01-28,125.44,128.7,,,
cbsl,2013-01-29,125.52,128.78,,,
cbsl,2013-01-30,125.16,128.41,,,
cbsl,2013-01-31,125.04,128.29,,,
cbsl,2013-02-01,124.83,128.08,,,
cbsl,2013-02-05,124.84,128.09,,,
cbsl,2013-02-06,124.82,128.07,,,
cbsl,2013-02-07,124.69,127.94,,,
cbsl,2013-02-08,124.68,127.93,,,
cbsl,2013-02-11,124.8,128.05,,,
cbsl,2013-02-12,124.82,128.07,,,
cbsl,2013-02-13,124.72,127.97,,,
cbsl,2013-02-14,124.81,128.06,,,
cbsl,2013-02-15,125.01,128.26,,,
cbsl,2013-02-18,125.09,128.34,,,
cbsl,2013-02-19,125.27,128.53,,,
cbsl,2013-02-20,125.57,128.83,,,
cbsl,2013-02-21,125.77,129.03,,,
cbsl,2013-02-22,125.56,128.82,,,
cbsl,2013-02-26,125.79,129.05,,,
cbsl,2013-02-27,125.79,129.05,,,
cbsl,2013-02-28,125.81,129.07,,,
cbsl,2013-03-01,125.81,129.07,,,
cbsl,2013-03-04,125.89,129.05,,,
cbsl,2013-03-05,125.88,129.04,,,
cbsl,2013-03-06,125.89,129.05,,,
cbsl,2013-03-07,125.8,128.96,,,
cbsl,2013-03-08,125.71,128.87,,,
cbsl,2013-03-11,125.2,128.35,,,
cbsl,2013-03-12,125.03,128.18,,,
cbsl,2013-03-13,124.76,127.91,,,
cbsl,2013-03-14,124.84,127.99,,,
cbsl,2013-03-15,124.75,127.9,,,
cbsl,2013-03-18,124.68,127.83,,,
cbsl,2013-03-19,124.75,127.9,,,
cbsl,2013-03-20,124.96,128.11,,,
cbsl,2013-03-21,125.07,128.22,,,
cbsl,2013-03-22,125.38,128.54,,,
cbsl,2013-03-25,125.32,128.48,,,
cbsl,2013-03-27,125.25,128.4,,,
cbsl,2013-03-28,125.31,128.47,,,
cbsl,2013-04-01,125.27,128.43,,,
cbsl,2013-04-02,124.95,128.1,,,
cbsl,2013-04-03,124.95,128.1,,,
cbsl,2013-04-04,124.91,127.96,,,
cbsl,2013-04-05,124.33,127.38,,,
cbsl,2013-04-08,124.21,127.25,,,
cbsl,2013-04-09,124.13,127.17,,,
cbsl,2013-04-10,124.09,127.13,,,
cbsl,2013-04-11,124.07,127.11,,,
cbsl,2013-04-12,124,127.04,,,
cbsl,2013-04-16,124,127.04,,,
cbsl,2013-04-17,124.01,127.05,,,
cbsl,2013-04-18,124.14,127.18,,,
cbsl,2013-04-19,124.14,127.18,,,
cbsl,2013-04-22,124.53,127.58,,,
cbsl,2013-04-23,125.19,128.24,,,
cbsl,2013-04-24,125.32,128.37,,,
cbsl,2013-04-26,125.35,128.41,,,
cbsl,2013-04-29,125.3,128.35,,,
cbsl,2013-04-30,125.32,128.38,,,
cbsl,2013-05-02,125.28,128.33,,,
cbsl,2013-05-03,124.73,127.78,,,
cbsl,2013-05-06,124.82,127.87,,,
cbsl,2013-05-07,124.9,127.95,,,
cbsl,2013-05-08,124.86,127.91,,,
cbsl,2013-05-09,124.65,127.7,,,
cbsl,2013-05-10,124.54,127.59,,,
cbsl,2013-05-13,124.62,127.67,,,
cbsl,2013-05-14,124.81,127.86,,,
cbsl,2013-05-15,124.97,128.02,,,
cbsl,2013-05-16,124.6,127.65,,,
cbsl,2013-05-17,124.44,127.49,,,
cbsl,2013-05-20,124.75,127.8,,,
cbsl,2013-05-21,124.76,127.81,,,
cbsl,2013-05-22,124.8,127.85,,,
cbsl,2013-05-23,124.82,127.87,,,
cbsl,2013-05-27,124.83,127.88,,,
cbsl,2013-05-28,124.85,127.9,,,
cbsl,2013-05-29,124.95,128,,,
cbsl,2013-05-30,124.94,127.99,,,
cbsl,2013-05-31,124.99,128.04,,,
cbsl,2013-06-03,124.99,128.04,,,
cbsl,2013-06-04,125.01,128.06,,,
cbsl,2013-06-05,125,128.05,,,
cbsl,2013-06-06,124.99,128.04,,,
cbsl,2013-06-07,124.95,128,,,
cbsl,2013-06-10,124.97,128.02,,,
cbsl,2013-06-11,125.35,128.41,,,
cbsl,2013-06-12,126.12,129.18,,,
cbsl,2013-06-13,126,129.06,,,
cbsl,2013-06-14,126.45,129.51,,,
cbsl,2013-06-17,127.2,130.38,,,
cbsl,2013-06-18,127.06,130.23,,,
cbsl,2013-06-19,127.08,130.25,,,
cbsl,2013-06-20,126.76,129.92,,,
cbsl,2013-06-21,126.87,130.04,,,
cbsl,2013-06-24,127.25,130.43,,,
cbsl,2013-06-25,127.26,130.44,,,
cbsl,2013-06-26,127.28,130.46,,,
cbsl,2013-06-27,127.98,131.26,,,
cbsl,2013-06-28,128.8,132.08,,,
cbsl,2013-07-01,128.78,131.96,,,
cbsl,2013-07-02,129.03,132.21,,,
cbsl,2013-07-03,129.02,132.2,,,
cbsl,2013-07-04,128.99,132.17,,,
cbsl,2013-07-05,129,132.18,,,
cbsl,2013-07-08,129,132.18,,,
cbsl,2013-07-09,129.28,132.48,,,
cbsl,2013-07-10,129.3,132.5,,,
cbsl,2013-07-11,129.3,132.5,,,
cbsl,2013-07-12,129.37,132.57,,,
cbsl,2013-07-15,129.36,132.56,,,
cbsl,2013-07-16,129.51,132.71,,,
cbsl,2013-07-17,129.84,133.04,,,
cbsl,2013-07-18,129.97,133.17,,,
cbsl,2013-07-19,129.95,133.15,,,
cbsl,2013-07-23,129.98,133.18,,,
cbsl,2013-07-24,130,133.2,,,
cbsl,2013-07-25,129.97,133.17,,,
cbsl,2013-07-26,130.03,133.23,,,
cbsl,2013-07-29,130.01,133.21,,,
cbsl,2013-07-30,130,133.2,,,
cbsl,2013-07-31,129.95,133.15,,,
cbsl,2013-08-01,130.04,133.24,,,
cbsl,2013-08-02,130.02,133.22,,,
cbsl,2013-08-05,130,133.2,,,
cbsl,2013-08-06,130.01,133.21,,,
cbsl,2013-08-07,129.99,133.19,,,
cbsl,2013-08-08,129.99,133.19,,,
cbsl,2013-08-12,130,133.2,,,
cbsl,2013-08-13,129.99,133.19,,,
cbsl,2013-08-14,130,133.2,,,
cbsl,2013-08-15,129.98,133.18,,,
cbsl,2013-08-16,129.89,133.09,,,
cbsl,2013-08-19,130.05,133.25,,,
cbsl,2013-08-21,130.29,133.49,,,
cbsl,2013-08-22,130.34,133.54,,,
cbsl,2013-08-23,130.45,133.65,,,
cbsl,2013-08-26,130.86,134.07,,,
cbsl,2013-08-27,131,134.21,,,
cbsl,2013-08-28,131.44,134.66,,,
cbsl,2013-08-29,132.1,135.72,,,
cbsl,2013-08-30,131.69,135.01,,,
cbsl,2013-09-02,131.46,134.78,,,
cbsl,2013-09-03,131.35,134.74,,,
cbsl,2013-09-04,131.35,134.74,,,
cbsl,2013-09-05,131.4,134.8,,,
cbsl,2013-09-06,131.36,134.75,,,
cbsl,2013-09-09,131.36,134.75,,,
cbsl,2013-09-10,131.21,134.67,,,
cbsl,2013-09-11,131.13,134.59,,,
cbsl,2013-09-12,130.74,134.09,,,
cbsl,2013-09-13,130.37,133.72,,,
cbsl,2013-09-16,130.54,133.89,,,
cbsl,2013-09-17,130.53,133.88,,,
cbsl,2013-09-18,130.57,133.92,,,
cbsl,2013-09-20,130.49,133.84,,,
cbsl,2013-09-23,130.4,133.75,,,
cbsl,2013-09-24,130.36,133.71,,,
cbsl,2013-09-25,130.39,133.74,,,
cbsl,2013-09-26,130.27,133.62,,,
cbsl,2013-09-27,130.29,133.64,,,
cbsl,2013-09-30,130.27,133.62,,,
cbsl,2013-10-01,130.3,133.65,,,
cbsl,2013-10-02,129.79,133.13,,,
cbsl,2013-10-03,129.71,133.11,,,
cbsl,2013-10-04,129.69,133.07,,,
cbsl,2013-10-07,129.58,132.9,,,
cbsl,2013-10-08,129.46,132.78,,,
cbsl,2013-10-09,129.51,132.77,,,
cbsl,2013-10-10,129.5,132.76,,,
cbsl,2013-10-11,129.5,132.76,,,
cbsl,2013-10-14,129.44,132.7,,,
cbsl,2013-10-15,129.27,132.53,,,
cbsl,2013-10-17,129.43,132.69,,,
cbsl,2013-10-21,129.35,132.61,,,
cbsl,2013-10-22,129.32,132.58,,,
cbsl,2013-10-23,129.26,132.52,,,
cbsl,2013-10-24,129.11,132.37,,,
cbsl,2013-10-25,128.95,132.21,,,
cbsl,2013-10-28,128.96,132.22,,,
cbsl,2013-10-29,129.31,132.57,,,
cbsl,2013-10-30,129.46,132.72,,,
cbsl,2013-10-31,129.41,132.67,,,
cbsl,2013-11-01,129.31,132.57,,,
cbsl,2013-11-04,129.35,132.61,,,
cbsl,2013-11-05,129.45,132.71,,,
cbsl,2013-11-06,129.44,132.7,,,
cbsl,2013-11-07,129.46,132.72,,,
cbsl,2013-11-08,129.46,132.72,,,
cbsl,2013-11-11,129.45,132.71,,,
cbsl,2013-11-12,129.42,132.68,,,
cbsl,2013-11-13,129.44,132.7,,,
cbsl,2013-11-14,129.46,132.72,,,
cbsl,2013-11-15,129.47,132.73,,,
cbsl,2013-11-18,129.48,132.74,,,
cbsl,2013-11-19,129.48,132.74,,,
cbsl,2013-11-20,129.47,132.73,,,
cbsl,2013-11-21,129.47,132.73,,,
cbsl,2013-11-22,129.49,132.75,,,
cbsl,2013-11-25,129.5,132.76,,,
cbsl,2013-11-26,129.51,132.77,,,
cbsl,2013-11-27,129.61,132.87,,,
cbsl,2013-11-28,129.59,132.85,,,
cbsl,2013-11-29,129.58,132.84,,,
cbsl,2013-12-02,129.57,132.83,,,
cbsl,2013-12-03,129.44,132.7,,,
cbsl,2013-12-04,129.36,132.52,,,
cbsl,2013-12-05,129.27,132.43,,,
cbsl,2013-12-06,129.27,132.43,,,
cbsl,2013-12-09,129.24,132.4,,,
cbsl,2013-12-10,129.23,132.39,,,
cbsl,2013-12-11,129.22,132.28,,,
cbsl,2013-12-12,129.24,132.4,,,
cbsl,2013-12-13,129.25,132.41,,,
cbsl,2013-12-17,129.24,132.4,,,
cbsl,2013-12-18,129.22,132.38,,,
cbsl,2013-12-19,129.21,132.37,,,
cbsl,2013-12-20,129.19,132.35,,,
cbsl,2013-12-23,129.16,132.32,,,
cbsl,2013-12-24,129.18,132.34,,,
cbsl,2013-12-26,129.16,132.32,,,
cbsl,2013-12-27,129.27,132.23,,,
cbsl,2013-12-30,129.29,132.25,,,
cbsl,2013-12-31,129.44,132.34,,,
cbsl,2014-01-01,129.37,132.27,,,
cbsl,2014-01-02,129.27,132.23,,,
cbsl,2014-01-03,129.25,132.21,,,
cbsl,2014-01-06,129.26,132.22,,,
cbsl,2014-01-07,129.24,132.2,,,
cbsl,2014-01-08,129.35,132.23,,,
cbsl,2014-01-09,129.37,132.25,,,
cbsl,2014-01-10,129.31,132.19,,,
cbsl,2014-01-13,129.29,132.17,,,
cbsl,2014-01-16,129.28,132.16,,,
cbsl,2014-01-17,129.3,132.1,,,
cbsl,2014-01-20,129.29,132.17,,,
cbsl,2014-01-21,129.3,132.18,,,
cbsl,2014-01-22,129.36,132.24,,,
cbsl,2014-01-23,129.36,132.24,,,
cbsl,2014-01-24,129.35,132.23,,,
cbsl,2014-01-27,129.28,132.16,,,
cbsl,2014-01-28,129.35,132.23,,,
cbsl,2014-01-29,129.37,132.25,,,
cbsl,2014-01-30,129.32,132.2,,,
cbsl,2014-01-31,129.28,132.16,,,
cbsl,2014-02-03,129.31,132.19,,,
cbsl,2014-02-05,129.3,132.18,,,
cbsl,2014-02-06,129.27,132.15,,,
cbsl,2014-02-07,129.25,132.13,,,
cbsl,2014-02-10,129.29,132.17,,,
cbsl,2014-02-11,129.33,132.21,,,
cbsl,2014-02-12,129.36,132.24,,,
cbsl,2014-02-13,129.37,132.25,,,
cbsl,2014-02-17,129.35,132.23,,,
cbsl,2014-02-18,129.37,132.25,,,
cbsl,2014-02-19,129.38,132.26,,,
cbsl,2014-02-20,129.4,132.28,,,
cbsl,2014-02-21,129.46,132.34,,,
cbsl,2014-02-24,129.47,132.35,,,
cbsl,2014-02-25,129.54,132.42,,,
cbsl,2014-02-26,129.59,132.47,,,
cbsl,2014-02-28,129.59,132.47,,,
cbsl,2014-03-03,129.36,132.24,,,
cbsl,2014-03-04,129.2,132.08,,,
cbsl,2014-03-05,129.18,132.06,,,
cbsl,2014-03-06,129.17,132.05,,,
cbsl,2014-03-07,129.16,132.04,,,
cbsl,2014-03-10,129.15,132.02,,,
cbsl,2014-03-11,129.12,132,,,
cbsl,2014-03-12,129.12,132,,,
cbsl,2014-03-13,129.14,132.02,,,
cbsl,2014-03-14,129.2,132.1,,,
cbsl,2014-03-17,129.16,132.04,,,
cbsl,2014-03-18,129.16,132.04,,,
cbsl,2014-03-19,129.14,132.02,,,
cbsl,2014-03-20,129.14,132.02,,,
cbsl,2014-03-21,129.16,132.04,,,
cbsl,2014-03-24,129.16,132.04,,,
cbsl,2014-03-25,129.17,132.05,,,
cbsl,2014-03-26,129.2,132.08,,,
cbsl,2014-03-27,129.23,132.11,,,
cbsl,2014-03-28,129.23,132.11,,,
cbsl,2014-03-31,129.29,132.17,,,
cbsl,2014-04-01,129.29,132.17,,,
cbsl,2014-04-02,129.29,132.17,,,
cbsl,2014-04-03,129.27,132.15,,,
cbsl,2014-04-04,129.29,131.97,,,
cbsl,2014-04-07,129.21,132.09,,,
cbsl,2014-04-08,129.24,132.12,,,
cbsl,2014-04-09,129.14,132.02,,,
cbsl,2014-04-10,129.15,132.03,,,
cbsl,2014-04-11,129.14,132.02,,,
cbsl,2014-04-16,129.14,132.02,,,
cbsl,2014-04-17,129.14,132.02,,,
cbsl,2014-04-21,129.14,132.02,,,
cbsl,2014-04-22,129.15,132.03,,,
cbsl,2014-04-23,129.14,132.02,,,
cbsl,2014-04-24,129.15,132.03,,,
cbsl,2014-04-25,129.16,132.04,,,
cbsl,2014-04-28,129.16,132.04,,,
cbsl,2014-04-29,129.14,132.02,,,
cbsl,2014-04-30,129.16,132.04,,,
cbsl,2014-05-02,129.17,132.05,,,
cbsl,2014-05-05,129.17,132.05,,,
cbsl,2014-05-06,129.17,132.05,,,
cbsl,2014-05-07,129.16,132.04,,,
cbsl,2014-05-08,129.16,132.03,,,
cbsl,2014-05-09,129.1,131.98,,,
cbsl,2014-05-12,129.04,131.91,,,
cbsl,2014-05-13,128.96,131.83,,,
cbsl,2014-05-16,128.96,131.83,,,
cbsl,2014-05-19,128.9,131.77,,,
cbsl,2014-05-20,128.89,131.76,,,
cbsl,2014-05-21,128.94,131.81,,,
cbsl,2014-05-22,128.9,131.78,,,
cbsl,2014-05-23,128.9,131.78,,,
cbsl,2014-05-26,128.93,131.8,,,
cbsl,2014-05-27,128.93,131.8,,,
cbsl,2014-05-28,128.92,131.79,,,
cbsl,2014-05-29,128.96,131.83,,,
cbsl,2014-05-30,129,131.88,,,
cbsl,2014-06-02,128.97,131.84,,,
cbsl,2014-06-03,128.95,131.82,,,
cbsl,2014-06-04,128.89,131.77,,,
cbsl,2014-06-05,128.87,131.47,,,
cbsl,2014-06-06,128.84,131.71,,,
cbsl,2014-06-09,128.82,131.69,,,
cbsl,2014-06-10,128.82,131.69,,,
cbsl,2014-06-11,128.82,131.69,,,
cbsl,2014-06-13,128.83,131.7,,,
cbsl,2014-06-16,128.81,131.69,,,
cbsl,2014-06-17,128.81,131.68,,,
cbsl,2014-06-18,128.81,131.68,,,
cbsl,2014-06-19,128.81,131.68,,,
cbsl,2014-06-20,128.85,131.72,,,
cbsl,2014-06-23,128.84,131.71,,,
cbsl,2014-06-24,128.85,131.72,,,
cbsl,2014-06-25,128.86,131.73,,,
cbsl,2014-06-26,128.86,131.73,,,
cbsl,2014-06-27,128.87,131.74,,,
cbsl,2014-06-30,128.9,131.77,,,
cbsl,2014-07-01,128.89,131.76,,,
cbsl,2014-07-02,128.88,131.75,,,
cbsl,2014-07-03,128.87,131.74,,,
cbsl,2014-07-04,128.86,131.73,,,
cbsl,2014-07-07,128.84,131.71,,,
cbsl,2014-07-08,128.82,131.69,,,
cbsl,2014-07-09,128.82,131.69,,,
cbsl,2014-07-10,128.8,131.68,,,
cbsl,2014-07-11,128.79,131.66,,,
cbsl,2014-07-14,128.75,131.62,,,
cbsl,2014-07-15,128.75,131.62,,,
cbsl,2014-07-16,128.74,131.61,,,
cbsl,2014-07-17,128.74,131.62,,,
cbsl,2014-07-18,128.77,131.64,,,
cbsl,2014-07-21,128.8,131.67,,,
cbsl,2014-07-22,128.8,131.67,,,
cbsl,2014-07-23,128.81,131.68,,,
cbsl,2014-07-24,128.79,131.66,,,
cbsl,2014-07-25,128.77,131.64,,,
cbsl,2014-07-28,128.74,131.62,,,
cbsl,2014-07-30,128.75,131.62,,,
cbsl,2014-07-31,128.75,131.62,,,
cbsl,2014-08-01,128.75,131.63,,,
cbsl,2014-08-04,128.76,131.63,,,
cbsl,2014-08-05,128.76,131.63,,,
cbsl,2014-08-06,128.76,131.63,,,
cbsl,2014-08-07,128.75,131.62,,,
cbsl,2014-08-08,128.74,131.62,,,
cbsl,2014-08-11,128.72,131.59,,,
cbsl,2014-08-12,128.73,131.6,,,
cbsl,2014-08-13,128.75,131.62,,,
cbsl,2014-08-14,128.75,131.62,,,
cbsl,2014-08-15,128.73,131.6,,,
cbsl,2014-08-18,128.72,131.59,,,
cbsl,2014-08-19,128.72,131.59,,,
cbsl,2014-08-20,128.71,131.58,,,
cbsl,2014-08-21,128.74,131.61,,,
cbsl,2014-08-22,128.74,131.61,,,
cbsl,2014-08-25,128.74,131.61,,,
cbsl,2014-08-26,128.74,131.61,,,
cbsl,2014-08-27,128.74,131.61,,,
cbsl,2014-08-28,128.75,131.62,,,
cbsl,2014-08-29,128.75,131.63,,,
cbsl,2014-09-01,128.75,131.62,,,
cbsl,2014-09-02,128.75,131.62,,,
cbsl,2014-09-03,128.75,131.62,,,
cbsl,2014-09-04,128.74,131.61,,,
cbsl,2014-09-05,128.75,131.63,,,
cbsl,2014-09-09,128.75,131.62,,,
cbsl,2014-09-10,128.76,131.63,,,
cbsl,2014-09-11,128.78,131.65,,,
cbsl,2014-09-12,128.81,131.68,,,
cbsl,2014-09-15,128.8,131.67,,,
cbsl,2014-09-16,128.8,131.67,,,
cbsl,2014-09-17,128.81,131.68,,,
cbsl,2014-09-18,128.81,131.68,,,
cbsl,2014-09-19,128.81,131.68,,,
cbsl,2014-09-22,128.8,131.67,,,
cbsl,2014-09-23,128.83,131.7,,,
cbsl,2014-09-24,128.85,131.72,,,
cbsl,2014-09-25,128.83,131.7,,,
cbsl,2014-09-26,128.87,131.74,,,
cbsl,2014-09-29,128.9,131.77,,,
cbsl,2014-09-30,128.99,131.86,,,
cbsl,2014-10-01,129.2,132.08,,,
cbsl,2014-10-02,129.13,132.01,,,
cbsl,2014-10-03,128.95,131.82,,,
cbsl,2014-10-07,128.87,131.74,,,
cbsl,2014-10-09,128.86,131.73,,,
cbsl,2014-10-10,128.91,131.78,,,
cbsl,2014-10-13,128.95,131.82,,,
cbsl,2014-10-14,129.11,131.99,,,
cbsl,2014-10-15,129.12,132,,,
cbsl,2014-10-16,129.2,132.08,,,
cbsl,2014-10-17,129.21,132.09,,,
cbsl,2014-10-20,129.21,132.09,,,
cbsl,2014-10-21,129.29,132.17,,,
cbsl,2014-10-23,129.31,132.19,,,
cbsl,2014-10-24,129.38,132.26,,,
cbsl,2014-10-27,129.34,132.22,,,
cbsl,2014-10-28,129.3,132.18,,,
cbsl,2014-10-29,129.49,132.37,,,
cbsl,2014-10-30,129.52,132.4,,,
cbsl,2014-10-31,129.5,132.38,,,
cbsl,2014-11-03,129.46,132.34,,,
cbsl,2014-11-04,129.49,132.37,,,
cbsl,2014-11-05,129.5,132.38,,,
cbsl,2014-11-07,129.5,132.38,,,
cbsl,2014-11-10,129.5,132.38,,,
cbsl,2014-11-11,129.5,132.38,,,
cbsl,2014-11-12,129.51,132.39,,,
cbsl,2014-11-13,129.5,132.38,,,
cbsl,2014-11-14,129.52,132.4,,,
cbsl,2014-11-17,129.53,132.41,,,
cbsl,2014-11-18,129.55,132.43,,,
cbsl,2014-11-19,129.6,132.48,,,
cbsl,2014-11-20,129.61,132.49,,,
cbsl,2014-11-21,129.65,132.53,,,
cbsl,2014-11-24,129.65,132.53,,,
cbsl,2014-11-25,129.75,132.63,,,
cbsl,2014-11-26,129.84,132.89,,,
cbsl,2014-11-27,130.12,133.3,,,
cbsl,2014-11-28,130.02,133.15,,,
cbsl,2014-12-01,130.01,132.89,,,
cbsl,2014-12-02,130.09,132.97,,,
cbsl,2014-12-03,130.12,133,,,
cbsl,2014-12-04,130.16,133.04,,,
cbsl,2014-12-05,130.2,133.09,,,
cbsl,2014-12-08,130.21,133.1,,,
cbsl,2014-12-09,130.25,133.14,,,
cbsl,2014-12-10,130.25,133.14,,,
cbsl,2014-12-11,130.25,133.14,,,
cbsl,2014-12-12,130.29,133.18,,,
cbsl,2014-12-15,130.29,133.18,,,
cbsl,2014-12-16,130.29,133.18,,,
cbsl,2014-12-17,130.19,133.28,,,
cbsl,2014-12-18,130.39,133.28,,,
cbsl,2014-12-19,130.43,133.32,,,
cbsl,2014-12-22,130.43,133.32,,,
cbsl,2014-12-23,130.38,133.27,,,
cbsl,2014-12-24,130.38,133.27,,,
cbsl,2014-12-26,130.38,133.19,,,
cbsl,2014-12-29,130.38,133.19,,,
cbsl,2014-12-30,130.48,133.29,,,
cbsl,2014-12-31,130.36,133.37,,,
cbsl,2015-01-01,130.56,133.37,,,
cbsl,2015-01-02,130.58,133.39,,,
cbsl,2015-01-06,130.78,133.59,,,
cbsl,2015-01-07,130.95,133.76,,,
cbsl,2015-01-08,131.13,133.94,,,
cbsl,2015-01-09,131.18,133.99,,,
cbsl,2015-01-12,131.21,134.03,,,
cbsl,2015-01-13,131.17,133.98,,,
cbsl,2015-01-16,130.78,133.6,,,
cbsl,2015-01-19,130.78,133.59,,,
cbsl,2015-01-20,130.82,133.63,,,
cbsl,2015-01-21,131.29,134.11,,,
cbsl,2015-01-22,131.35,134.17,,,
cbsl,2015-01-23,131.43,134.25,,,
cbsl,2015-01-26,131.41,134.23,,,
cbsl,2015-01-27,131.45,134.27,,,
cbsl,2015-01-28,131.74,134.56,,,
cbsl,2015-01-29,131.64,134.51,,,
cbsl,2015-01-30,131.77,134.7,,,
cbsl,2015-02-02,131.79,134.72,,,
cbsl,2015-02-05,131.69,134.62,,,
cbsl,2015-02-06,131.81,134.64,,,
cbsl,2015-02-09,131.74,134.57,,,
cbsl,2015-02-10,131.69,134.47,,,
cbsl,2015-02-11,131.65,134.43,,,
cbsl,2015-02-12,131.69,134.47,,,
cbsl,2015-02-13,131.69,134.43,,,
cbsl,2015-02-16,131.69,134.43,,,
cbsl,2015-02-18,131.69,134.47,,,
cbsl,2015-02-19,131.74,134.52,,,
cbsl,2015-02-20,131.77,134.55,,,
cbsl,2015-02-23,131.78,134.56,,,
cbsl,2015-02-24,131.8,134.58,,,
cbsl,2015-02-25,131.8,134.58,,,
cbsl,2015-02-26,131.8,134.58,,,
cbsl,2015-02-27,131.8,134.58,,,
cbsl,2015-03-02,131.84,134.62,,,
cbsl,2015-03-03,131.84,134.62,,,
cbsl,2015-03-04,131.85,134.63,,,
cbsl,2015-03-06,131.85,134.63,,,
cbsl,2015-03-09,131.86,134.64,,,
cbsl,2015-03-10,131.86,134.67,,,
cbsl,2015-03-11,131.86,134.67,,,
cbsl,2015-03-12,131.86,134.67,,,
cbsl,2015-03-13,131.86,134.67,,,
cbsl,2015-03-16,131.86,134.67,,,
cbsl,2015-03-17,131.87,134.68,,,
cbsl,2015-03-18,131.89,134.72,,,
cbsl,2015-03-19,131.89,134.72,,,
cbsl,2015-03-20,131.89,134.72,,,
cbsl,2015-03-23,131.89,134.72,,,
cbsl,2015-03-24,131.91,134.72,,,
cbsl,2015-03-25,131.91,134.72,,,
cbsl,2015-03-26,131.91,134.73,,,
cbsl,2015-03-27,131.91,134.73,,,
cbsl,2015-03-30,131.9,134.72,,,
cbsl,2015-03-31,131.91,134.73,,,
cbsl,2015-04-01,131.92,134.74,,,
cbsl,2015-04-02,131.92,134.74,,,
cbsl,2015-04-06,131.89,134.71,,,
cbsl,2015-04-07,132.07,134.68,,,
cbsl,2015-04-08,131.99,134.6,,,
cbsl,2015-04-09,131.74,134.53,,,
cbsl,2015-04-10,131.75,134.54,,,
cbsl,2015-04-15,131.78,134.57,,,
cbsl,2015-04-16,131.82,134.61,,,
cbsl,2015-04-17,131.89,134.68,,,
cbsl,2015-04-20,131.91,134.73,,,
cbsl,2015-04-21,131.93,134.75,,,
cbsl,2015-04-22,131.98,134.8,,,
cbsl,2015-04-23,132.17,135,,,
cbsl,2015-04-24,132.35,135.18,,,
cbsl,2015-04-27,132.43,135.21,,,
cbsl,2015-04-28,132.57,135.39,,,
cbsl,2015-04-29,132.57,135.39,,,
cbsl,2015-04-30,132.64,135.46,,,
cbsl,2015-05-05,132.81,135.65,,,
cbsl,2015-05-06,132.9,135.73,,,
cbsl,2015-05-07,132.95,135.78,,,
cbsl,2015-05-08,132.95,135.78,,,
cbsl,2015-05-11,132.97,135.8,,,
cbsl,2015-05-12,133,135.83,,,
cbsl,2015-05-13,133.05,135.89,,,
cbsl,2015-05-14,133.05,135.89,,,
cbsl,2015-05-15,133.15,135.99,,,
cbsl,2015-05-18,133.13,135.97,,,
cbsl,2015-05-19,133.15,135.99,,,
cbsl,2015-05-20,133.19,136.03,,,
cbsl,2015-05-21,133.28,136.12,,,
cbsl,2015-05-22,133.35,136.19,,,
cbsl,2015-05-25,133.35,135.99,,,
cbsl,2015-05-26,133.5,136.34,,,
cbsl,2015-05-27,133.66,136.6,,,
cbsl,2015-05-28,134.45,137.77,,,
cbsl,2015-05-29,134.7,137.95,,,
cbsl,2015-06-01,134.3,137.93,,,
cbsl,2015-06-03,133.65,137.01,,,
cbsl,2015-06-04,132.79,136.13,,,
cbsl,2015-06-05,132.51,135.81,,,
cbsl,2015-06-08,132.49,135.76,,,
cbsl,2015-06-09,132.49,135.69,,,
cbsl,2015-06-10,132.45,135.64,,,
cbsl,2015-06-11,132.43,135.66,,,
cbsl,2015-06-12,132.43,135.66,,,
cbsl,2015-06-15,132.49,135.73,,,
cbsl,2015-06-16,132.46,135.68,,,
cbsl,2015-06-17,132.46,135.63,,,
cbsl,2015-06-18,132.46,135.61,,,
cbsl,2015-06-19,132.63,135.81,,,
cbsl,2015-06-22,132.53,135.71,,,
cbsl,2015-06-23,132.4,135.57,,,
cbsl,2015-06-24,132.36,135.53,,,
cbsl,2015-06-25,132.28,135.47,,,
cbsl,2015-06-26,132.08,135.27,,,
cbsl,2015-06-29,132.08,135.27,,,
cbsl,2015-06-30,132.1,135.29,,,
cbsl,2015-07-02,132.08,135.27,,,
cbsl,2015-07-03,132,135.19,,,
cbsl,2015-07-06,132,135.19,,,
cbsl,2015-07-07,132,135.19,,,
cbsl,2015-07-08,131.99,135.19,,,
cbsl,2015-07-09,131.99,135.19,,,
cbsl,2015-07-10,131.99,135.19,,,
cbsl,2015-07-13,131.99,135.19,,,
cbsl,2015-07-14,132.15,135.35,,,
cbsl,2015-07-15,132.15,135.35,,,
cbsl,2015-07-16,132.15,135.35,,,
cbsl,2015-07-17,132.15,135.35,,,
cbsl,2015-07-20,132.15,135.35,,,
cbsl,2015-07-21,132.15,135.35,,,
cbsl,2015-07-22,132.09,135.29,,,
cbsl,2015-07-23,132.09,135.29,,,
cbsl,2015-07-24,132.09,135.29,,,
cbsl,2015-07-27,132.09,135.29,,,
cbsl,2015-07-28,132.09,135.29,,,
cbsl,2015-07-29,132.01,135.21,,,
cbsl,2015-07-30,132.01,135.21,,,
cbsl,2015-08-03,132.01,135.21,,,
cbsl,2015-08-04,131.94,135.14,,,
cbsl,2015-08-05,131.92,135.12,,,
cbsl,2015-08-06,131.91,135.11,,,
cbsl,2015-08-07,132.11,135.31,,,
cbsl,2015-08-10,132.11,135.31,,,
cbsl,2015-08-11,132.11,135.31,,,
cbsl,2015-08-12,132.11,135.31,,,
cbsl,2015-08-13,132.15,135.35,,,
cbsl,2015-08-14,132.35,135.55,,,
cbsl,2015-08-17,132.35,135.55,,,
cbsl,2015-08-18,132.45,135.67,,,
cbsl,2015-08-19,132.47,135.68,,,
cbsl,2015-08-20,132.44,135.63,,,
cbsl,2015-08-21,132.34,135.75,,,
cbsl,2015-08-24,132.49,136.16,,,
cbsl,2015-08-25,132.52,136.31,,,
cbsl,2015-08-26,132.94,136.84,,,
cbsl,2015-08-27,132.87,136.77,,,
cbsl,2015-08-28,132.87,136.77,,,
cbsl,2015-08-31,132.7,136.8,,,
cbsl,2015-09-01,133.14,137.04,,,
cbsl,2015-09-02,133.14,137.04,,,
cbsl,2015-09-03,133.14,137.04,,,
cbsl,2015-09-04,134.08,138.85,,,
cbsl,2015-09-07,135.17,139.91,,,
cbsl,2015-09-08,135.22,139.96,,,
cbsl,2015-09-09,135.57,140.48,,,
cbsl,2015-09-10,136.17,141.08,,,
cbsl,2015-09-11,136.32,141.23,,,
cbsl,2015-09-14,136.45,141.36,,,
cbsl,2015-09-15,137.32,142.15,,,
cbsl,2015-09-16,137.46,142.34,,,
cbsl,2015-09-17,138.11,143.09,,,
cbsl,2015-09-18,137.91,142.79,,,
cbsl,2015-09-21,138.01,142.84,,,
cbsl,2015-09-22,138.15,142.88,,,
cbsl,2015-09-23,138.2,142.93,,,
cbsl,2015-09-25,138.2,142.9,,,
cbsl,2015-09-28,138.27,142.97,,,
cbsl,2015-09-29,138.36,143.06,,,
cbsl,2015-09-30,138.81,143.41,,,
cbsl,2015-10-01,138.93,143.43,,,
cbsl,2015-10-02,138.94,143.44,,,
cbsl,2015-10-05,138.94,143.34,,,
cbsl,2015-10-06,138.91,143.31,,,
cbsl,2015-10-06,144.53,148.33,,,
cbsl,2015-10-07,138.79,143.21,,,
cbsl,2015-10-08,138.36,142.86,,,
cbsl,2015-10-09,138.26,142.81,,,
cbsl,2015-10-12,138.19,142.63,,,
cbsl,2015-10-13,138.19,142.63,,,
cbsl,2015-10-14,138.25,142.75,,,
cbsl,2015-10-15,138.54,143.04,,,
cbsl,2015-10-16,138.56,143.07,,,
cbsl,2015-10-19,138.54,143.05,,,
cbsl,2015-10-20,138.56,143.11,,,
cbsl,2015-10-21,138.56,143.11,,,
cbsl,2015-10-22,138.61,143.16,,,
cbsl,2015-10-23,138.59,143.14,,,
cbsl,2015-10-26,138.59,143.14,,,
cbsl,2015-10-28,138.49,143.04,,,
cbsl,2015-10-29,138.56,143.05,,,
cbsl,2015-10-30,138.56,143.05,,,
cbsl,2015-11-02,138.56,143.11,,,
cbsl,2015-11-03,138.56,143.11,,,
cbsl,2015-11-04,138.61,143.16,,,
cbsl,2015-11-05,139.04,143.6,,,
cbsl,2015-11-06,139.09,143.65,,,
cbsl,2015-11-09,139.17,143.73,,,
cbsl,2015-11-11,139.74,144.17,,,
cbsl,2015-11-12,139.77,144.1,,,
cbsl,2015-11-13,139.78,144.08,,,
cbsl,2015-11-16,139.81,144.15,,,
cbsl,2015-11-17,139.96,144.3,,,
cbsl,2015-11-18,140.1,144.44,,,
cbsl,2015-11-19,140.1,144.44,,,
cbsl,2015-11-20,140.16,144.48,,,
cbsl,2015-11-23,140.25,144.57,,,
cbsl,2015-11-24,140.61,144.93,,,
cbsl,2015-11-26,140.79,145.11,,,
cbsl,2015-11-27,140.9,145.23,,,
cbsl,2015-11-30,141.01,145.34,,,
cbsl,2015-12-01,140.97,145.32,,,
cbsl,2015-12-02,140.93,145.24,,,
cbsl,2015-12-03,140.95,145.28,,,
cbsl,2015-12-04,140.95,145.28,,,
cbsl,2015-12-07,140.95,145.28,,,
cbsl,2015-12-08,141.04,145.27,,,
cbsl,2015-12-09,141,145.23,,,
cbsl,2015-12-10,140.99,145.22,,,
cbsl,2015-12-11,140.99,145.22,,,
cbsl,2015-12-14,141.03,145.26,,,
cbsl,2015-12-15,141.4,145.73,,,
cbsl,2015-12-16,141.4,145.73,,,
cbsl,2015-12-17,141.53,145.76,,,
cbsl,2015-12-18,141.44,145.67,,,
cbsl,2015-12-21,141.45,145.68,,,
cbsl,2015-12-22,141.45,145.68,,,
cbsl,2015-12-23,141.45,145.68,,,
cbsl,2015-12-28,141.45,145.68,,,
cbsl,2015-12-29,141.67,145.91,,,
cbsl,2015-12-30,141.79,146.03,,,
cbsl,2015-12-31,141.94,146.18,,,
cbsl,2016-01-01,141.97,146.19,,,
cbsl,2016-01-04,141.94,146.16,,,
cbsl,2016-01-05,142.08,146.3,,,
cbsl,2016-01-06,142.09,146.31,,,
cbsl,2016-01-07,141.84,146.07,,,
cbsl,2016-01-08,141.8,146.04,,,
cbsl,2016-01-09,148.03,151.78,,,
cbsl,2016-01-11,141.74,145.96,,,
cbsl,2016-01-12,141.73,145.87,,,
cbsl,2016-01-13,141.65,145.79,,,
cbsl,2016-01-14,141.75,145.89,,,
cbsl,2016-01-18,141.8,145.92,,,
cbsl,2016-01-19,141.96,146.08,,,
cbsl,2016-01-20,141.9,146.02,,,
cbsl,2016-01-21,141.96,146.08,,,
cbsl,2016-01-22,142,146.02,,,
cbsl,2016-01-25,141.97,146.01,,,
cbsl,2016-01-26,141.97,146.01,,,
cbsl,2016-01-27,141.98,146.02,,,
cbsl,2016-01-28,142.03,146.07,,,
cbsl,2016-01-29,142.06,146.1,,,
cbsl,2016-02-01,142.06,146.1,,,
cbsl,2016-02-02,142.06,146.1,,,
cbsl,2016-02-03,142.03,146.03,,,
cbsl,2016-02-05,142,146.01,,,
cbsl,2016-02-08,142.03,146.04,,,
cbsl,2016-02-09,142.03,146.04,,,
cbsl,2016-02-10,142,146,,,
cbsl,2016-02-11,142.02,146.02,,,
cbsl,2016-02-12,142.02,146.02,,,
cbsl,2016-02-15,142.02,146.02,,,
cbsl,2016-02-16,142.05,146.05,,,
cbsl,2016-02-17,142.17,146.17,,,
cbsl,2016-02-18,142.17,146.19,,,
cbsl,2016-02-19,142.22,146.24,,,
cbsl,2016-02-23,142.28,146.3,,,
cbsl,2016-02-24,142.33,146.35,,,
cbsl,2016-02-25,142.37,146.4,,,
cbsl,2016-02-26,142.52,146.54,,,
cbsl,2016-02-29,142.52,146.54,,,
cbsl,2016-03-01,142.62,146.64,,,
cbsl,2016-03-02,142.71,146.76,,,
cbsl,2016-03-03,142.72,146.77,,,
cbsl,2016-03-04,142.67,146.6,,,
cbsl,2016-03-08,142.77,146.7,,,
cbsl,2016-03-09,142.83,146.76,,,
cbsl,2016-03-10,142.85,146.78,,,
cbsl,2016-03-11,142.87,146.8,,,
cbsl,2016-03-14,142.93,146.86,,,
cbsl,2016-03-15,142.95,146.88,,,
cbsl,2016-03-16,143,146.93,,,
cbsl,2016-03-17,143.02,146.95,,,
cbsl,2016-03-18,143.05,146.98,,,
cbsl,2016-03-21,143.16,147.1,,,
cbsl,2016-03-23,143.26,147.26,,,
cbsl,2016-03-24,143.91,147.87,,,
cbsl,2016-03-28,144.93,148.91,,,
cbsl,2016-03-29,145.56,149.54,,,
cbsl,2016-03-30,146.52,150.54,,,
cbsl,2016-03-31,142.59,146.78,,,
cbsl,2016-04-01,143.32,147.23,,,
cbsl,2016-04-04,142.54,146.53,,,
cbsl,2016-04-05,142.62,146.42,,,
cbsl,2016-04-06,142.56,146.36,,,
cbsl,2016-04-07,142.61,146.41,,,
cbsl,2016-04-08,142.75,146.55,,,
cbsl,2016-04-11,142.75,146.55,,,
cbsl,2016-04-12,142.72,146.52,,,
cbsl,2016-04-15,142.83,146.63,,,
cbsl,2016-04-18,142.86,146.66,,,
cbsl,2016-04-19,143.03,146.89,,,
cbsl,2016-04-20,143.18,146.99,,,
cbsl,2016-04-22,143.19,147,,,
cbsl,2016-04-25,143.43,147.24,,,
cbsl,2016-04-26,143.46,147.27,,,
cbsl,2016-04-27,143.57,147.39,,,
cbsl,2016-04-28,143.53,147.35,,,
cbsl,2016-04-29,143.6,147.42,,,
cbsl,2016-05-03,143.5,147.3,,,
cbsl,2016-05-04,143.58,147.39,,,
cbsl,2016-05-05,143.55,147.36,,,
cbsl,2016-05-06,143.59,147.4,,,
cbsl,2016-05-09,143.59,147.4,,,
cbsl,2016-05-10,143.59,147.4,,,
cbsl,2016-05-11,143.63,147.43,,,
cbsl,2016-05-12,143.7,147.5,,,
cbsl,2016-05-13,143.76,147.56,,,
cbsl,2016-05-16,143.81,147.61,,,
cbsl,2016-05-17,144.06,147.84,,,
cbsl,2016-05-18,144.02,147.84,,,
cbsl,2016-05-19,144.03,147.85,,,
cbsl,2016-05-20,144.04,147.86,,,
cbsl,2016-05-24,144.07,147.89,,,
cbsl,2016-05-25,144.12,147.96,,,
cbsl,2016-05-26,144.15,147.97,,,
cbsl,2016-05-27,144.28,148.08,,,
cbsl,2016-05-30,144.35,148.18,,,
cbsl,2016-05-31,145.43,149.35,,,
cbsl,2016-06-01,145.48,149.24,,,
cbsl,2016-06-02,145.4,149.11,,,
cbsl,2016-06-03,145.16,148.82,,,
cbsl,2016-06-06,144.66,148.32,,,
cbsl,2016-06-07,143.76,147.42,,,
cbsl,2016-06-08,143.63,147.29,,,
cbsl,2016-06-09,143.49,147.27,,,
cbsl,2016-06-10,143.35,147.12,,,
cbsl,2016-06-13,142.75,146.51,,,
cbsl,2016-06-14,142.54,146.3,,,
cbsl,2016-06-15,142.57,146.33,,,
cbsl,2016-06-16,142.85,146.61,,,
cbsl,2016-06-17,142.87,146.61,,,
cbsl,2016-06-20,143.1,146.87,,,
cbsl,2016-06-21,143.76,147.54,,,
cbsl,2016-06-22,145.12,148.62,,,
cbsl,2016-06-23,144.96,148.71,,,
cbsl,2016-06-24,145.01,148.81,,,
cbsl,2016-06-27,145.23,149.06,,,
cbsl,2016-06-28,145.6,149.44,,,
cbsl,2016-06-29,145.58,149.41,,,
cbsl,2016-06-30,144.77,148.32,,,
cbsl,2016-07-01,144.23,147.87,,,
cbsl,2016-07-04,144.5,148.25,,,
cbsl,2016-07-05,144.84,148.59,,,
cbsl,2016-07-07,144.9,148.65,,,
cbsl,2016-07-08,144.32,147.96,,,
cbsl,2016-07-11,143.96,147.6,,,
cbsl,2016-07-12,144.13,147.77,,,
cbsl,2016-07-13,144.25,147.89,,,
cbsl,2016-07-14,144.22,147.86,,,
cbsl,2016-07-15,144.09,147.73,,,
cbsl,2016-07-18,144.16,147.8,,,
cbsl,2016-07-20,144.5,148.15,,,
cbsl,2016-07-21,144.77,148.42,,,
cbsl,2016-07-22,144.23,147.87,,,
cbsl,2016-07-25,144.13,147.77,,,
cbsl,2016-07-26,144.16,147.8,,,
cbsl,2016-07-27,144.08,147.72,,,
cbsl,2016-07-28,144.06,147.7,,,
cbsl,2016-07-29,144.04,147.68,,,
cbsl,2016-08-01,144.06,147.7,,,
cbsl,2016-08-02,144.09,147.73,,,
cbsl,2016-08-03,144.08,147.72,,,
cbsl,2016-08-04,144,147.69,,,
cbsl,2016-08-05,143.64,147.42,,,
cbsl,2016-08-08,143.55,147.33,,,
cbsl,2016-08-09,143.57,147.35,,,
cbsl,2016-08-10,143.56,147.34,,,
cbsl,2016-08-11,143.55,147.33,,,
cbsl,2016-08-12,143.38,147.16,,,
cbsl,2016-08-15,143.39,147.17,,,
cbsl,2016-08-16,143.4,147.18,,,
cbsl,2016-08-18,143.4,147.18,,,
cbsl,2016-08-19,143.39,147.17,,,
cbsl,2016-08-22,143.39,147.17,,,
cbsl,2016-08-23,143.4,147.18,,,
cbsl,2016-08-24,143.35,147.23,,,
cbsl,2016-08-25,143.39,147.27,,,
cbsl,2016-08-26,143.64,147.52,,,
cbsl,2016-08-29,143.62,147.5,,,
cbsl,2016-08-30,143.62,147.4,,,
cbsl,2016-08-31,143.62,147.4,,,
cbsl,2016-09-01,143.57,147.35,,,
cbsl,2016-09-02,143.44,147.22,,,
cbsl,2016-09-05,143.46,147.24,,,
cbsl,2016-09-06,143.43,147.21,,,
cbsl,2016-09-07,143.41,147.19,,,
cbsl,2016-09-08,143.37,147.15,,,
cbsl,2016-09-09,143.06,146.84,,,
cbsl,2016-09-13,143.14,146.92,,,
cbsl,2016-09-14,143.33,147.11,,,
cbsl,2016-09-15,143.52,147.3,,,
cbsl,2016-09-19,143.63,147.41,,,
cbsl,2016-09-20,143.81,147.59,,,
cbsl,2016-09-21,143.97,147.75,,,
cbsl,2016-09-22,144.31,148.1,,,
cbsl,2016-09-23,144.19,147.98,,,
cbsl,2016-09-26,144.19,147.98,,,
cbsl,2016-09-27,144.19,147.98,,,
cbsl,2016-09-28,144.28,148.07,,,
cbsl,2016-09-29,144.38,148.18,,,
cbsl,2016-09-30,144.66,148.46,,,
cbsl,2016-10-03,144.64,148.44,,,
cbsl,2016-10-04,144.48,148.27,,,
cbsl,2016-10-05,144.52,148.31,,,
cbsl,2016-10-07,144.72,148.52,,,
cbsl,2016-10-10,144.78,148.58,,,
cbsl,2016-10-11,145.01,148.81,,,
cbsl,2016-10-12,145.01,148.81,,,
cbsl,2016-10-13,144.88,148.68,,,
cbsl,2016-10-14,144.85,148.65,,,
cbsl,2016-10-17,144.87,148.67,,,
cbsl,2016-10-18,144.92,148.72,,,
cbsl,2016-10-19,145.15,148.95,,,
cbsl,2016-10-20,145.23,148.98,,,
cbsl,2016-10-21,145.2,148.95,,,
cbsl,2016-10-24,145.78,149.13,,,
cbsl,2016-10-25,145.76,149.51,,,
cbsl,2016-10-26,145.7,149.46,,,
cbsl,2016-10-27,145.69,149.45,,,
cbsl,2016-10-28,145.93,149.69,,,
cbsl,2016-10-31,146.02,149.78,,,
cbsl,2016-11-01,146.04,149.8,,,
cbsl,2016-11-02,146.25,150.01,,,
cbsl,2016-11-03,146.53,150.19,,,
cbsl,2016-11-04,146.57,150.33,,,
cbsl,2016-11-07,146.25,150.02,,,
cbsl,2016-11-08,146.06,149.82,,,
cbsl,2016-11-09,145.98,149.74,,,
cbsl,2016-11-10,145.88,149.64,,,
cbsl,2016-11-11,145.85,149.61,,,
cbsl,2016-11-15,146.11,149.87,,,
cbsl,2016-11-16,146.4,150.16,,,
cbsl,2016-11-17,146.49,150.25,,,
cbsl,2016-11-18,146.54,150.3,,,
cbsl,2016-11-21,146.58,150.34,,,
cbsl,2016-11-22,146.56,150.32,,,
cbsl,2016-11-23,146.59,150.35,,,
cbsl,2016-11-24,146.56,150.23,,,
cbsl,2016-11-25,146.58,150.34,,,
cbsl,2016-11-28,146.83,150.59,,,
cbsl,2016-11-29,147.3,151.07,,,
cbsl,2016-11-30,147.18,150.94,,,
cbsl,2016-12-01,146.94,150.69,,,
cbsl,2016-12-02,146.78,150.53,,,
cbsl,2016-12-05,146.64,150.39,,,
cbsl,2016-12-06,146.72,150.47,,,
cbsl,2016-12-07,146.76,150.51,,,
cbsl,2016-12-08,146.85,150.6,,,
cbsl,2016-12-09,146.85,150.6,,,
cbsl,2016-12-14,146.89,150.64,,,
cbsl,2016-12-15,147.01,150.74,,,
cbsl,2016-12-16,147.49,151.23,,,
cbsl,2016-12-19,147.5,151.24,,,
cbsl,2016-12-20,147.56,151.3,,,
cbsl,2016-12-21,147.88,151.65,,,
cbsl,2016-12-22,148.35,152.12,,,
cbsl,2016-12-23,148.6,152.37,,,
cbsl,2016-12-27,147.79,151.55,,,
cbsl,2016-12-28,147.92,151.69,,,
cbsl,2016-12-29,147.89,151.66,,,
cbsl,2016-12-30,147.84,151.66,,,
cbsl,2017-01-02,147.93,151.68,,,
cbsl,2017-01-03,147.95,151.7,,,
cbsl,2017-01-04,147.98,151.73,,,
cbsl,2017-01-05,147.95,151.7,,,
cbsl,2017-01-06,147.99,151.74,,,
cbsl,2017-01-10,148.03,151.78,,,
cbsl,2017-01-11,147.99,151.74,,,
cbsl,2017-01-13,148.01,151.76,,,
cbsl,2017-01-16,148.09,151.84,,,
cbsl,2017-01-17,148.09,151.84,,,
cbsl,2017-01-18,148.09,151.84,,,
cbsl,2017-01-19,148.13,151.88,,,
cbsl,2017-01-20,148.28,152.03,,,
cbsl,2017-01-23,148.39,152.14,,,
cbsl,2017-01-24,148.46,152.21,,,
cbsl,2017-01-25,148.49,152.24,,,
cbsl,2017-01-26,148.49,152.24,,,
cbsl,2017-01-27,148.43,152.16,,,
cbsl,2017-01-30,148.42,152.15,,,
cbsl,2017-01-31,148.51,152.24,,,
cbsl,2017-02-01,148.61,152.34,,,
cbsl,2017-02-02,148.55,152.28,,,
cbsl,2017-02-03,148.54,152.27,,,
cbsl,2017-02-06,148.4,152.33,,,
cbsl,2017-02-07,148.71,152.44,,,
cbsl,2017-02-08,148.76,152.49,,,
cbsl,2017-02-09,148.71,152.44,,,
cbsl,2017-02-13,148.71,152.44,,,
cbsl,2017-02-14,148.72,152.45,,,
cbsl,2017-02-15,148.71,152.44,,,
cbsl,2017-02-16,148.72,152.45,,,
cbsl,2017-02-17,148.84,152.57,,,
cbsl,2017-02-20,149.15,152.88,,,
cbsl,2017-02-21,149.68,153.44,,,
cbsl,2017-02-22,149.8,153.56,,,
cbsl,2017-02-23,150.32,154.21,,,
cbsl,2017-02-27,149.85,153.74,,,
cbsl,2017-02-28,149.6,153.48,,,
cbsl,2017-03-01,149.44,153.31,,,
cbsl,2017-03-02,149.34,153.21,,,
cbsl,2017-03-03,149.29,153.16,,,
cbsl,2017-03-06,149.24,153.11,,,
cbsl,2017-03-07,149.28,153.15,,,
cbsl,2017-03-08,149.31,153.18,,,
cbsl,2017-03-09,149.6,153.44,,,
cbsl,2017-03-10,149.65,153.49,,,
cbsl,2017-03-13,149.68,153.52,,,
cbsl,2017-03-14,149.84,153.69,,,
cbsl,2017-03-15,149.99,153.84,,,
cbsl,2017-03-16,150.19,154.04,,,
cbsl,2017-03-17,150.32,154.17,,,
cbsl,2017-03-20,150.05,153.9,,,
cbsl,2017-03-21,149.94,153.79,,,
cbsl,2017-03-22,149.93,153.78,,,
cbsl,2017-03-23,149.95,153.8,,,
cbsl,2017-03-24,149.95,153.8,,,
cbsl,2017-03-27,150.11,153.96,,,
cbsl,2017-03-28,150.11,153.96,,,
cbsl,2017-03-29,150.17,154.02,,,
cbsl,2017-03-30,150.09,153.94,,,
cbsl,2017-03-31,150.06,153.91,,,
cbsl,2017-04-03,150.06,153.86,,,
cbsl,2017-04-04,150.01,153.81,,,
cbsl,2017-04-05,149.93,153.72,,,
cbsl,2017-04-06,150.04,153.84,,,
cbsl,2017-04-07,150.03,153.83,,,
cbsl,2017-04-11,150.21,154.01,,,
cbsl,2017-04-12,150.4,154.2,,,
cbsl,2017-04-17,150.3,154.1,,,
cbsl,2017-04-18,150.32,154.12,,,
cbsl,2017-04-19,150.37,154.17,,,
cbsl,2017-04-20,150.6,154.4,,,
cbsl,2017-04-21,150.51,154.31,,,
cbsl,2017-04-24,150.49,154.29,,,
cbsl,2017-04-25,150.49,154.29,,,
cbsl,2017-04-26,150.51,154.31,,,
cbsl,2017-04-27,150.44,154.24,,,
cbsl,2017-04-28,150.44,154.24,,,
cbsl,2017-05-02,150.45,154.25,,,
cbsl,2017-05-03,150.47,154.27,,,
cbsl,2017-05-04,150.54,154.34,,,
cbsl,2017-05-05,150.42,154.22,,,
cbsl,2017-05-08,150.29,154.09,,,
cbsl,2017-05-09,150.4,154.2,,,
cbsl,2017-05-12,150.43,154.23,,,
cbsl,2017-05-15,150.38,154.18,,,
cbsl,2017-05-16,150.5,154.3,,,
cbsl,2017-05-17,150.6,154.4,,,
cbsl,2017-05-18,150.63,154.43,,,
cbsl,2017-05-19,150.62,154.42,,,
cbsl,2017-05-22,150.74,154.54,,,
cbsl,2017-05-23,150.77,154.57,,,
cbsl,2017-05-24,150.68,154.48,,,
cbsl,2017-05-25,150.75,154.55,,,
cbsl,2017-05-26,150.77,154.57,,,
cbsl,2017-05-29,150.76,154.56,,,
cbsl,2017-05-30,150.79,154.59,,,
cbsl,2017-05-31,150.81,154.61,,,
cbsl,2017-06-01,150.8,154.6,,,
cbsl,2017-06-02,150.78,154.58,,,
cbsl,2017-06-05,150.79,154.59,,,
cbsl,2017-06-06,150.79,154.59,,,
cbsl,2017-06-07,150.79,154.59,,,
cbsl,2017-06-09,150.78,154.58,,,
cbsl,2017-06-12,150.78,154.58,,,
cbsl,2017-06-13,150.78,154.58,,,
cbsl,2017-06-14,150.8,154.6,,,
cbsl,2017-06-15,150.84,154.64,,,
cbsl,2017-06-16,150.87,154.67,,,
cbsl,2017-06-19,151.02,154.82,,,
cbsl,2017-06-20,151.05,154.85,,,
cbsl,2017-06-21,151.21,155.01,,,
cbsl,2017-06-22,151.22,155.02,,,
cbsl,2017-06-23,151.17,154.97,,,
cbsl,2017-06-27,151.16,154.96,,,
cbsl,2017-06-28,151.22,155.02,,,
cbsl,2017-06-29,151.33,155.13,,,
cbsl,2017-06-30,151.4,155.2,,,
cbsl,2017-07-03,151.44,155.24,,,
cbsl,2017-07-04,151.48,155.28,,,
cbsl,2017-07-05,151.58,155.38,,,
cbsl,2017-07-06,151.58,155.38,,,
cbsl,2017-07-07,151.58,155.38,,,
cbsl,2017-07-10,151.59,155.39,,,
cbsl,2017-07-11,151.64,155.44,,,
cbsl,2017-07-12,151.63,155.43,,,
cbsl,2017-07-13,151.64,155.44,,,
cbsl,2017-07-14,151.64,155.44,,,
cbsl,2017-07-17,151.66,155.46,,,
cbsl,2017-07-18,151.66,155.46,,,
cbsl,2017-07-19,151.71,155.51,,,
cbsl,2017-07-20,151.68,155.48,,,
cbsl,2017-07-21,151.66,155.46,,,
cbsl,2017-07-24,151.66,155.46,,,
cbsl,2017-07-25,151.55,155.35,,,
cbsl,2017-07-26,151.56,155.36,,,
cbsl,2017-07-27,151.57,155.37,,,
cbsl,2017-07-28,151.66,155.46,,,
cbsl,2017-07-31,151.67,155.47,,,
cbsl,2017-08-01,151.55,155.35,,,
cbsl,2017-08-02,151.48,155.28,,,
cbsl,2017-08-03,151.47,155.27,,,
cbsl,2017-08-04,151.34,155.14,,,
cbsl,2017-08-08,151.38,155.18,,,
cbsl,2017-08-09,151.25,155.05,,,
cbsl,2017-08-10,151.24,155.04,,,
cbsl,2017-08-11,151.12,154.92,,,
cbsl,2017-08-14,151.03,154.83,,,
cbsl,2017-08-15,151.03,154.83,,,
cbsl,2017-08-16,151.13,154.93,,,
cbsl,2017-08-17,151.16,154.96,,,
cbsl,2017-08-18,151.19,154.99,,,
cbsl,2017-08-21,151.26,155.06,,,
cbsl,2017-08-22,151.17,154.95,,,
cbsl,2017-08-23,151.07,154.87,,,
cbsl,2017-08-24,150.98,154.78,,,
cbsl,2017-08-25,151,154.8,,,
cbsl,2017-08-28,151.01,154.81,,,
cbsl,2017-08-29,150.97,154.77,,,
cbsl,2017-08-30,150.86,154.66,,,
cbsl,2017-08-31,150.84,154.64,,,
cbsl,2017-09-04,150.7,154.52,,,
cbsl,2017-09-06,150.5,154.3,,,
cbsl,2017-09-07,150.65,154.45,,,
cbsl,2017-09-08,150.72,154.52,,,
cbsl,2017-09-11,150.78,154.58,,,
cbsl,2017-09-12,150.81,154.61,,,
cbsl,2017-09-13,150.85,154.65,,,
cbsl,2017-09-14,150.97,154.77,,,
cbsl,2017-09-15,150.94,154.74,,,
cbsl,2017-09-18,150.91,154.71,,,
cbsl,2017-09-19,151.07,154.87,,,
cbsl,2017-09-20,151.15,154.95,,,
cbsl,2017-09-21,150.8,154.6,,,
cbsl,2017-09-22,150.78,154.58,,,
cbsl,2017-09-25,150.85,154.65,,,
cbsl,2017-09-26,151.01,154.81,,,
cbsl,2017-09-27,151.02,154.82,,,
cbsl,2017-09-28,151.07,154.87,,,
cbsl,2017-09-29,151.11,154.91,,,
cbsl,2017-10-02,151.09,154.89,,,
cbsl,2017-10-03,151.13,154.93,,,
cbsl,2017-10-04,151.25,155.05,,,
cbsl,2017-10-06,151.29,155.09,,,
cbsl,2017-10-09,151.28,155.08,,,
cbsl,2017-10-10,151.33,155.13,,,
cbsl,2017-10-11,151.43,155.23,,,
cbsl,2017-10-12,151.5,155.3,,,
cbsl,2017-10-13,151.71,155.51,,,
cbsl,2017-10-16,151.67,155.47,,,
cbsl,2017-10-17,151.62,155.42,,,
cbsl,2017-10-19,151.62,155.42,,,
cbsl,2017-10-20,151.64,155.44,,,
cbsl,2017-10-23,151.64,155.44,,,
cbsl,2017-10-24,151.74,155.54,,,
cbsl,2017-10-25,151.8,155.6,,,
cbsl,2017-10-26,151.79,155.59,,,
cbsl,2017-10-27,151.62,155.42,,,
cbsl,2017-10-30,151.55,155.35,,,
cbsl,2017-10-31,151.6,155.4,,,
cbsl,2017-11-01,151.58,155.38,,,
cbsl,2017-11-02,151.65,155.45,,,
cbsl,2017-11-06,151.62,155.42,,,
cbsl,2017-11-07,151.54,155.34,,,
cbsl,2017-11-08,151.42,155.2,,,
cbsl,2017-11-09,151.34,155.14,,,
cbsl,2017-11-10,151.56,155.36,,,
cbsl,2017-11-13,151.55,155.35,,,
cbsl,2017-11-14,151.53,155.33,,,
cbsl,2017-11-15,151.57,155.37,,,
cbsl,2017-11-16,151.72,155.52,,,
cbsl,2017-11-17,151.62,155.42,,,
cbsl,2017-11-20,151.65,155.45,,,
cbsl,2017-11-21,151.69,155.49,,,
cbsl,2017-11-22,151.72,155.52,,,
cbsl,2017-11-23,151.7,155.5,,,
cbsl,2017-11-24,151.64,155.44,,,
cbsl,2017-11-27,151.68,155.48,,,
cbsl,2017-11-28,151.63,155.43,,,
cbsl,2017-11-29,151.68,155.48,,,
cbsl,2017-11-30,151.68,155.48,,,
cbsl,2017-12-04,151.55,155.35,,,
cbsl,2017-12-05,151.52,155.32,,,
cbsl,2017-12-06,151.33,155.13,,,
cbsl,2017-12-07,151.28,155.08,,,
cbsl,2017-12-08,151.27,155.07,,,
cbsl,2017-12-11,151.06,154.86,,,
cbsl,2017-12-12,151.03,154.85,,,
cbsl,2017-12-13,151.05,154.85,,,
cbsl,2017-12-14,151.23,155.01,,,
cbsl,2017-12-15,151.18,154.96,,,
cbsl,2017-12-18,151.15,154.93,,,
cbsl,2017-12-19,151.15,154.93,,,
cbsl,2017-12-20,151.15,154.93,,,
cbsl,2017-12-21,151.01,154.79,,,
cbsl,2017-12-22,150.94,154.72,,,
cbsl,2017-12-26,150.89,154.67,,,
cbsl,2017-12-27,150.73,154.51,,,
cbsl,2017-12-28,150.54,154.32,,,
cbsl,2017-12-29,151.31,155.15,,,
cbsl,2018-01-02,151.43,155.23,,,
cbsl,2018-01-03,151.55,155.35,,,
cbsl,2018-01-04,151.63,155.41,,,
cbsl,2018-01-05,151.58,155.34,,,
cbsl,2018-01-08,151.66,155.37,,,
cbsl,2018-01-09,151.82,155.59,,,
cbsl,2018-01-10,151.8,155.56,,,
cbsl,2018-01-11,151.76,155.52,,,
cbsl,2018-01-12,151.82,155.59,,,
cbsl,2018-01-16,151.92,155.69,,,
cbsl,2018-01-17,151.94,155.71,,,
cbsl,2018-01-18,151.85,155.62,,,
cbsl,2018-01-19,151.91,155.68,,,
cbsl,2018-01-22,151.92,155.69,,,
cbsl,2018-01-23,152.02,155.8,,,
cbsl,2018-01-24,152.12,155.9,,,
cbsl,2018-01-25,151.76,155.52,,,
cbsl,2018-01-26,151.8,155.56,,,
cbsl,2018-01-29,151.8,155.56,,,
cbsl,2018-01-30,151.81,155.58,,,
cbsl,2018-02-01,151.99,155.77,,,
cbsl,2018-02-02,152.23,155.94,,,
cbsl,2018-02-06,152.36,156.13,,,
cbsl,2018-02-07,152.59,156.36,,,
cbsl,2018-02-08,152.56,156.33,,,
cbsl,2018-02-09,152.42,156.19,,,
cbsl,2018-02-12,152.37,156.14,,,
cbsl,2018-02-14,152.97,156.74,,,
cbsl,2018-02-15,153.42,157.2,,,
cbsl,2018-02-16,152.89,156.67,,,
cbsl,2018-02-19,153.19,156.97,,,
cbsl,2018-02-20,153.36,157.14,,,
cbsl,2018-02-21,153.41,157.19,,,
cbsl,2018-02-22,153.23,157.01,,,
cbsl,2018-02-23,153.24,157.02,,,
cbsl,2018-02-26,153.22,157,,,
cbsl,2018-02-27,152.96,156.74,,,
cbsl,2018-02-28,152.94,156.72,,,
cbsl,2018-03-02,153.1186,156.9004,,,
cbsl,2018-03-05,153.1787,156.9603,,,
cbsl,2018-03-06,153.079,156.86,,,
cbsl,2018-03-07,153.1288,156.9102,,,
cbsl,2018-03-08,153.3481,157.1308,,,
cbsl,2018-03-09,153.3581,157.1408,,,
cbsl,2018-03-12,153.4479,157.231,,,
cbsl,2018-03-13,153.5877,157.3712,,,
cbsl,2018-03-14,153.6375,157.4214,,,
cbsl,2018-03-15,153.767,157.5418,,,
cbsl,2018-03-16,153.9066,157.6822,,,
cbsl,2018-03-19,153.9266,157.7022,,,
cbsl,2018-03-20,154.0765,157.8523,,,
cbsl,2018-03-21,154.0766,157.8522,,,
cbsl,2018-03-22,154.0766,157.8522,,,
cbsl,2018-03-23,154.1065,157.8823,,,
cbsl,2018-03-26,154.1165,157.8923,,,
cbsl,2018-03-27,154.0665,157.8423,,,
cbsl,2018-03-28,154.0167,157.7921,,,
cbsl,2018-03-29,153.7175,157.4914,,,
cbsl,2018-04-02,153.7474,157.5215,,,
cbsl,2018-04-03,153.2786,157.0504,,,
cbsl,2018-04-04,153.8272,157.6016,,,
cbsl,2018-04-05,153.8769,157.6519,,,
cbsl,2018-04-06,153.6176,157.3913,,,
cbsl,2018-04-09,153.4779,157.251,,,
cbsl,2018-04-10,153.5877,157.3612,,,
cbsl,2018-04-11,153.6276,157.4013,,,
cbsl,2018-04-12,153.6874,157.4615,,,
cbsl,2018-04-16,153.7572,157.5316,,,
cbsl,2018-04-17,154.0266,157.8022,,,
cbsl,2018-04-18,154.3657,158.143,,,
cbsl,2018-04-19,154.3461,158.1226,,,
cbsl,2018-04-20,154.2861,158.0626,,,
cbsl,2018-04-23,154.3957,158.173,,,
cbsl,2018-04-24,154.9148,158.6938,,,
cbsl,2018-04-25,155.2641,159.0445,,,
cbsl,2018-04-26,155.5247,159.0339,,,
cbsl,2018-04-27,155.4047,159.0139,,,
cbsl,2018-05-01,155.5028,159.0056,,,
cbsl,2018-05-02,155.6027,159.0077,,,
cbsl,2018-05-03,155.5227,159.0357,,,
cbsl,2018-05-04,155.9826,158.9878,,,
cbsl,2018-05-08,155.9833,158.9952,,,
cbsl,2018-05-09,155.973,158.9855,,,
cbsl,2018-05-10,156.0424,159.256,,,
cbsl,2018-05-11,156.0823,159.2961,,,
cbsl,2018-05-14,156.0824,159.1759,,,
cbsl,2018-05-15,156.1424,159.2359,,,
cbsl,2018-05-16,156.2024,159.2959,,,
cbsl,2018-05-17,156.4624,159.5559,,,
cbsl,2018-05-18,156.2424,159.3359,,,
cbsl,2018-05-21,156.2227,159.3157,,,
cbsl,2018-05-22,156.1427,159.2457,,,
cbsl,2018-05-23,156.2324,159.3259,,,
cbsl,2018-05-24,156.2324,159.3259,,,
cbsl,2018-05-25,156.2424,159.3359,,,
cbsl,2018-05-28,156.2823,159.376,,,
cbsl,2018-05-30,156.2426,159.3358,,,
cbsl,2018-05-31,156.382,159.4762,,,
cbsl,2018-06-01,156.5817,159.6163,,,
cbsl,2018-06-04,156.7511,159.8467,,,
cbsl,2018-06-05,156.7213,159.8165,,,
cbsl,2018-06-06,156.7911,159.8867,,,
cbsl,2018-06-07,156.9108,160.0069,,,
cbsl,2018-06-08,157.0804,160.177,,,
cbsl,2018-06-11,157.1502,160.2472,,,
cbsl,2018-06-12,157.6291,160.7278,,,
cbsl,2018-06-13,157.7089,160.8079,,,
cbsl,2018-06-14,157.8284,160.9282,,,
cbsl,2018-06-18,157.8084,161.0082,,,
cbsl,2018-06-19,157.9784,161.1782,,,
cbsl,2018-06-20,158.0681,161.2683,,,
cbsl,2018-06-21,158.1181,161.3183,,,
cbsl,2018-06-22,157.8289,160.9279,,,
cbsl,2018-06-25,157.3001,160.3972,,,
cbsl,2018-06-26,157.1705,160.267,,,
cbsl,2018-06-28,156.7614,159.8565,,,
cbsl,2018-06-29,156.6716,159.7664,,,
cbsl,2018-07-02,156.6515,159.7464,,,
cbsl,2018-07-03,156.6715,159.7664,,,
cbsl,2018-07-04,156.7213,159.8165,,,
cbsl,2018-07-05,156.8613,159.9565,,,
cbsl,2018-07-06,157.1502,160.2472,,,
cbsl,2018-07-09,157.3697,160.4675,,,
cbsl,2018-07-10,157.4594,160.5576,,,
cbsl,2018-07-11,157.4794,160.5776,,,
cbsl,2018-07-12,157.4994,160.5976,,,
cbsl,2018-07-13,157.5591,160.7471,,,
cbsl,2018-07-16,157.7089,160.8973,,,
cbsl,2018-07-17,158.0682,161.2578,,,
cbsl,2018-07-18,158.0581,161.2551,,,
cbsl,2018-07-19,158.078,161.2752,,,
cbsl,2018-07-20,158.1079,161.3053,,,
cbsl,2018-07-23,158.1079,161.3053,,,
cbsl,2018-07-24,157.7589,160.9547,,,
cbsl,2018-07-25,157.739,160.9347,,,
cbsl,2018-07-26,157.7789,160.9747,,,
cbsl,2018-07-30,157.7888,160.9848,,,
cbsl,2018-07-31,157.9184,161.115,,,
cbsl,2018-08-01,157.9086,161.1049,,,
cbsl,2018-08-02,157.8288,161.0248,,,
cbsl,2018-08-03,157.9286,161.1249,,,
cbsl,2018-08-06,158.0082,161.2051,,,
cbsl,2018-08-07,157.9884,161.185,,,
cbsl,2018-08-08,157.9783,161.175,,,
cbsl,2018-08-09,158.128,161.3252,,,
cbsl,2018-08-10,158.1479,161.3453,,,
cbsl,2018-08-13,158.1878,161.3853,,,
cbsl,2018-08-14,158.2179,161.4153,,,
cbsl,2018-08-15,158.2876,161.4854,,,
cbsl,2018-08-16,158.3475,161.5455,,,
cbsl,2018-08-17,158.5869,161.7858,,,
cbsl,2018-08-20,158.6168,161.8159,,,
cbsl,2018-08-21,158.7366,161.936,,,
cbsl,2018-08-23,158.7666,161.966,,,
cbsl,2018-08-24,158.9162,162.1162,,,
cbsl,2018-08-27,159.1059,162.3064,,,
cbsl,2018-08-28,159.2055,162.4066,,,
cbsl,2018-08-29,159.2951,162.4968,,,
cbsl,2018-08-30,159.4849,162.6869,,,
cbsl,2018-08-31,159.5446,162.7471,,,
cbsl,2018-09-03,159.5847,162.787,,,
cbsl,2018-09-04,159.7943,162.9973,,,
cbsl,2018-09-05,160.1636,163.3676,,,
cbsl,2018-09-06,160.3729,163.578,,,
cbsl,2018-09-07,159.8836,163.2576,,,
cbsl,2018-09-10,160.0408,163.477,,,
cbsl,2018-09-11,160.41,163.8475,,,
cbsl,2018-09-12,160.3604,163.7873,,,
cbsl,2018-09-13,160.5398,163.9676,,,
cbsl,2018-09-14,160.949,164.3781,,,
cbsl,2018-09-17,161.8174,165.149,,,
cbsl,2018-09-18,163.1038,166.6411,,,
cbsl,2018-09-19,163.8714,167.4125,,,
cbsl,2018-09-20,165.0887,168.6341,,,
cbsl,2018-09-21,166.7839,170.6569,,,
cbsl,2018-09-25,166.5244,170.3966,,,
cbsl,2018-09-26,166.7844,170.6566,,,
cbsl,2018-09-27,166.8042,170.6767,,,
cbsl,2018-09-28,166.9834,170.8572,,,
cbsl,2018-10-01,167.0334,170.9072,,,
cbsl,2018-10-01,180.0828,183.755,,,
cbsl,2018-10-02,166.8839,170.7569,,,
cbsl,2018-10-03,167.0732,170.9473,,,
cbsl,2018-10-04,167.5521,171.4279,,,
cbsl,2018-10-05,167.8014,171.6784,,,
cbsl,2018-10-08,168.1208,171.9987,,,
cbsl,2018-10-09,168.4701,172.3491,,,
cbsl,2018-10-10,168.9389,172.8198,,,
cbsl,2018-10-11,169.0186,172.9,,,
cbsl,2018-10-12,169.0484,172.9301,,,
cbsl,2018-10-15,167.7325,171.6077,,,
cbsl,2018-10-16,168.4003,172.279,,,
cbsl,2018-10-17,168.7594,172.6395,,,
cbsl,2018-10-18,168.8494,172.7295,,,
cbsl,2018-10-19,169.1084,172.9901,,,
cbsl,2018-10-22,169.4972,173.3808,,,
cbsl,2018-10-23,170.2356,174.1217,,,
cbsl,2018-10-25,170.4353,174.3219,,,
cbsl,2018-10-26,170.555,174.4421,,,
cbsl,2018-10-29,170.8643,174.7525,,,
cbsl,2018-10-30,171.6722,175.5637,,,
cbsl,2018-10-31,172.3605,176.2547,,,
cbsl,2018-11-01,173.4281,177.3261,,,
cbsl,2018-11-02,171.9317,175.824,,,
cbsl,2018-11-05,172.1612,176.0543,,,
cbsl,2018-11-07,172.191,176.0844,,,
cbsl,2018-11-08,172.4601,176.3549,,,
cbsl,2018-11-09,172.8194,176.7154,,,
cbsl,2018-11-12,172.9693,176.8654,,,
cbsl,2018-11-13,173.4082,177.3061,,,
cbsl,2018-11-14,173.7271,177.6267,,,
cbsl,2018-11-15,174.176,178.1073,,,
cbsl,2018-11-16,174.2059,178.1374,,,
cbsl,2018-11-19,174.3357,178.2675,,,
cbsl,2018-11-21,175.1136,179.0487,,,
cbsl,2018-11-23,176.7204,180.6606,,,
cbsl,2018-11-26,177.598,181.542,,,
cbsl,2018-11-27,177.997,181.9426,,,
cbsl,2018-11-28,178.3257,182.2733,,,
cbsl,2018-11-29,177.4281,181.3919,,,
cbsl,2018-11-30,177.498,181.462,,,
cbsl,2018-12-03,176.9399,180.9009,,,
cbsl,2018-12-04,176.6106,180.5705,,,
cbsl,2018-12-05,176.8797,180.841,,,
cbsl,2018-12-06,177.0594,181.0212,,,
cbsl,2018-12-07,177.0594,181.0212,,,
cbsl,2018-12-10,176.6206,180.5805,,,
cbsl,2018-12-11,176.88,180.8408,,,
cbsl,2018-12-12,177.0992,181.0613,,,
cbsl,2018-12-13,177.3388,181.3015,,,
cbsl,2018-12-14,177.3984,181.3618,,,
cbsl,2018-12-17,177.6678,181.6321,,,
cbsl,2018-12-18,177.7378,181.7021,,,
cbsl,2018-12-19,177.9074,181.8724,,,
cbsl,2018-12-20,178.2563,182.223,,,
cbsl,2018-12-21,178.7451,182.7137,,,
cbsl,2018-12-24,178.9846,182.954,,,
cbsl,2018-12-26,179.2039,183.1744,,,
cbsl,2018-12-27,179.5832,183.5548,,,
cbsl,2018-12-28,180.1015,184.0758,,,
cbsl,2018-12-31,180.7202,184.6966,,,
cbsl,2019-01-01,180.6606,184.6363,,,
cbsl,2019-01-02,180.5708,184.5462,,,
cbsl,2019-01-03,180.6708,184.6462,,,
cbsl,2019-01-04,180.6906,184.6663,,,
cbsl,2019-01-07,180.5213,184.4959,,,
cbsl,2019-01-08,180.1222,184.0954,,,
cbsl,2019-01-09,180.3715,184.3458,,,
cbsl,2019-01-10,180.182,184.1555,,,
cbsl,2019-01-11,179.873,183.8449,,,
cbsl,2019-01-14,179.813,183.7649,,,
cbsl,2019-01-16,180.0624,184.0353,,,
cbsl,2019-01-17,180.222,184.0955,,,
cbsl,2019-01-18,179.7933,183.6647,,,
cbsl,2019-01-21,179.554,183.4243,,,
cbsl,2019-01-22,179.6836,183.5546,,,
cbsl,2019-01-23,180.0124,183.8853,,,
cbsl,2019-01-24,180.0825,183.9552,,,
cbsl,2019-01-25,179.7034,183.5747,,,
cbsl,2019-01-28,179.5839,183.4544,,,
cbsl,2019-01-29,179.5439,183.4144,,,
cbsl,2019-01-30,178.8357,182.7033,,,
cbsl,2019-01-31,177.4187,181.2816,,,
cbsl,2019-02-01,176.3416,180.1999,,,
cbsl,2019-02-05,174.9847,178.8381,,,
cbsl,2019-02-06,176.1218,179.9798,,,
cbsl,2019-02-07,175.7528,179.6092,,,
cbsl,2019-02-08,175.6634,179.5189,,,
cbsl,2019-02-11,175.773,179.6291,,,
cbsl,2019-02-12,175.783,179.6391,,,
cbsl,2019-02-13,176.1917,180.0498,,,
cbsl,2019-02-14,176.3514,180.21,,,
cbsl,2019-02-15,176.4211,180.2802,,,
cbsl,2019-02-18,176.5609,180.4203,,,
cbsl,2019-02-20,177.638,181.502,,,
cbsl,2019-02-21,177.5086,181.3717,,,
cbsl,2019-02-22,177.4488,181.3115,,,
cbsl,2019-02-25,177.419,181.2814,,,
cbsl,2019-02-26,177.5385,181.4017,,,
cbsl,2019-02-27,177.7081,181.5719,,,
cbsl,2019-02-28,177.798,181.662,,,
cbsl,2019-03-01,177.8675,181.7323,,,
cbsl,2019-03-05,177.6585,181.5217,,,
cbsl,2019-03-06,176.99,180.8508,,,
cbsl,2019-03-07,176.3414,180.2,,,
cbsl,2019-03-08,176.3315,180.19,,,
cbsl,2019-03-11,176.3014,180.16,,,
cbsl,2019-03-12,176.4611,180.3202,,,
cbsl,2019-03-13,176.7206,180.5805,,,
cbsl,2019-03-14,176.7306,180.5905,,,
cbsl,2019-03-15,176.7406,180.6005,,,
cbsl,2019-03-18,176.4214,180.28,,,
cbsl,2019-03-19,176.292,180.1497,,,
cbsl,2019-03-21,176.3517,180.2098,,,
cbsl,2019-03-22,175.9324,179.7894,,,
cbsl,2019-03-25,176.0123,179.8695,,,
cbsl,2019-03-26,176.0922,179.9496,,,
cbsl,2019-03-27,175.5538,179.4086,,,
cbsl,2019-03-28,174.2766,178.127,,,
cbsl,2019-03-29,174.1668,178.0169,,,
cbsl,2019-04-01,173.3888,177.2357,,,
cbsl,2019-04-02,172.8204,176.6648,,,
cbsl,2019-04-03,172.531,176.3744,,,
cbsl,2019-04-04,172.6505,176.4947,,,
cbsl,2019-04-05,172.6604,176.5048,,,
cbsl,2019-04-08,172.82,176.665,,,
cbsl,2019-04-09,172.6206,176.4647,,,
cbsl,2019-04-10,172.7204,176.5648,,,
cbsl,2019-04-11,172.6507,176.4946,,,
cbsl,2019-04-12,172.6606,176.5047,,,
cbsl,2019-04-16,172.6107,176.4546,,,
cbsl,2019-04-17,172.6206,176.4647,,,
cbsl,2019-04-18,172.481,176.3244,,,
cbsl,2019-04-22,172.3812,176.3243,,,
cbsl,2019-04-23,172.5507,176.4946,,,
cbsl,2019-04-24,172.6205,176.5647,,,
cbsl,2019-04-25,172.919,176.8656,,,
cbsl,2019-04-26,173.1388,177.0857,,,
cbsl,2019-04-29,173.5082,177.4561,,,
cbsl,2019-04-30,173.7878,177.7363,,,
cbsl,2019-05-02,174.1164,178.0671,,,
cbsl,2019-05-03,174.7742,178.7284,,,
cbsl,2019-05-06,175.074,179.0285,,,
cbsl,2019-05-07,175.3436,179.2987,,,
cbsl,2019-05-08,174.8752,178.8278,,,
cbsl,2019-05-09,172.8993,176.8454,,,
cbsl,2019-05-10,173.6976,177.6464,,,
cbsl,2019-05-13,174.1864,178.1371,,,
cbsl,2019-05-14,174.426,178.3773,,,
cbsl,2019-05-15,174.6354,178.5877,,,
cbsl,2019-05-16,174.1768,178.1269,,,
cbsl,2019-05-17,173.8774,177.8265,,,
cbsl,2019-05-21,173.8575,177.8065,,,
cbsl,2019-05-22,174.1366,178.087,,,
cbsl,2019-05-23,174.6257,178.5775,,,
cbsl,2019-05-24,174.2863,178.2372,,,
cbsl,2019-05-27,174.2664,178.2171,,,
cbsl,2019-05-28,174.1769,178.1268,,,
cbsl,2019-05-29,174.1666,178.117,,,
cbsl,2019-05-30,174.1866,178.137,,,
cbsl,2019-05-31,174.3163,178.2672,,,
cbsl,2019-06-03,174.3863,178.3372,,,
cbsl,2019-06-04,174.396,178.3473,,,
cbsl,2019-06-06,174.4062,178.3572,,,
cbsl,2019-06-07,174.3264,178.2771,,,
cbsl,2019-06-10,174.3663,178.3172,,,
cbsl,2019-06-11,174.3464,178.2971,,,
cbsl,2019-06-12,174.3763,178.3272,,,
cbsl,2019-06-13,174.4062,178.3572,,,
cbsl,2019-06-14,174.5059,178.4574,,,
cbsl,2019-06-17,174.6856,178.6376,,,
cbsl,2019-06-18,174.6854,178.6377,,,
cbsl,2019-06-19,174.7954,178.5477,,,
cbsl,2019-06-20,174.7458,178.4975,,,
cbsl,2019-06-21,174.7657,178.5175,,,
cbsl,2019-06-24,174.7557,178.5075,,,
cbsl,2019-06-25,174.5363,178.2872,,,
cbsl,2019-06-26,174.4664,178.2171,,,
cbsl,2019-06-27,174.516,178.2673,,,
cbsl,2019-06-28,174.6059,178.3574,,,
cbsl,2019-07-01,174.5159,178.2674,,,
cbsl,2019-07-02,174.3168,178.0669,,,
cbsl,2019-07-03,174.3166,178.067,,,
cbsl,2019-07-04,174.1072,177.8566,,,
cbsl,2019-07-05,174.1171,177.8667,,,
cbsl,2019-07-08,174.1371,177.8867,,,
cbsl,2019-07-09,174.1371,177.7867,,,
cbsl,2019-07-10,173.8081,177.4561,,,
cbsl,2019-07-11,173.6684,177.3159,,,
cbsl,2019-07-12,173.5688,177.2157,,,
cbsl,2019-07-15,173.5887,177.2358,,,
cbsl,2019-07-17,173.7382,177.3861,,,
cbsl,2019-07-18,173.7283,177.376,,,
cbsl,2019-07-19,173.7581,177.4061,,,
cbsl,2019-07-22,173.818,177.4662,,,
cbsl,2019-07-23,173.9476,177.5964,,,
cbsl,2019-07-24,174.0574,177.7065,,,
cbsl,2019-07-25,174.2469,177.8968,,,
cbsl,2019-07-26,174.247,177.8968,,,
cbsl,2019-07-29,174.247,177.8968,,,
cbsl,2019-07-30,174.257,177.9068,,,
cbsl,2019-07-31,174.3269,177.9768,,,
cbsl,2019-08-01,174.4068,178.0569,,,
cbsl,2019-08-02,174.5862,178.2372,,,
cbsl,2019-08-05,174.6559,178.3074,,,
cbsl,2019-08-06,174.9852,178.6378,,,
cbsl,2019-08-07,175.5736,179.2287,,,
cbsl,2019-08-08,175.534,179.1885,,,
cbsl,2019-08-09,175.0151,178.6679,,,
cbsl,2019-08-13,174.9454,178.5977,,,
cbsl,2019-08-15,174.9952,178.6478,,,
cbsl,2019-08-16,175.1447,178.7981,,,
cbsl,2019-08-19,175.1946,178.8482,,,
cbsl,2019-08-20,175.4839,179.1386,,,
cbsl,2019-08-21,175.9657,179.6867,,,
cbsl,2019-08-22,176.8104,180.4706,,,
cbsl,2019-08-23,177.5785,181.2417,,,
cbsl,2019-08-26,177.8078,181.4721,,,
cbsl,2019-08-27,177.6784,181.3418,,,
cbsl,2019-08-28,177.7982,181.4619,,,
cbsl,2019-08-29,178.4868,182.1527,,,
cbsl,2019-08-30,178.4366,182.1028,,,
cbsl,2019-09-02,177.3497,181.011,,,
cbsl,2019-09-03,177.8982,181.5619,,,
cbsl,2019-09-04,178.3168,181.9827,,,
cbsl,2019-09-05,178.5063,182.173,,,
cbsl,2019-09-06,178.716,182.3832,,,
cbsl,2019-09-09,178.8357,182.5033,,,
cbsl,2019-09-10,178.5166,182.1828,,,
cbsl,2019-09-11,178.4369,182.1026,,,
cbsl,2019-09-12,178.4069,182.0726,,,
cbsl,2019-09-16,178.4069,182.0726,,,
cbsl,2019-09-17,178.5167,182.1828,,,
cbsl,2019-09-18,178.6163,182.283,,,
cbsl,2019-09-19,178.786,182.4532,,,
cbsl,2019-09-20,178.9654,182.6335,,,
cbsl,2019-09-23,179.125,182.7938,,,
cbsl,2019-09-24,179.4742,183.1442,,,
cbsl,2019-09-25,179.245,182.9138,,,
cbsl,2019-09-26,179.6239,183.2944,,,
cbsl,2019-09-27,179.8733,183.5447,,,
cbsl,2019-09-30,179.8933,183.5647,,,
cbsl,2019-10-02,180.3622,184.0354,,,
cbsl,2019-10-03,179.8833,183.5547,,,
cbsl,2019-10-04,179.544,183.2143,,,
cbsl,2019-10-07,179.4045,183.074,,,
cbsl,2019-10-08,178.9057,182.5733,,,
cbsl,2019-10-09,178.4768,182.1427,,,
cbsl,2019-10-10,178.5566,182.2228,,,
cbsl,2019-10-11,178.6062,182.2731,,,
cbsl,2019-10-14,178.6863,182.353,,,
cbsl,2019-10-15,179.0654,182.7335,,,
cbsl,2019-10-16,179.8932,183.5648,,,
cbsl,2019-10-17,179.8933,183.5647,,,
cbsl,2019-10-18,179.983,183.6549,,,
cbsl,2019-10-21,179.9731,183.6449,,,
cbsl,2019-10-22,179.7837,183.4545,,,
cbsl,2019-10-23,179.6339,183.3044,,,
cbsl,2019-10-24,179.4246,183.094,,,
cbsl,2019-10-25,179.3149,182.9838,,,
cbsl,2019-10-28,179.4245,183.094,,,
cbsl,2019-10-29,179.5143,183.1842,,,
cbsl,2019-10-30,179.5942,183.2642,,,
cbsl,2019-10-31,179.6051,183.3179,,,
cbsl,2019-11-01,179.3149,182.9838,,,
cbsl,2019-11-04,179.1951,182.8637,,,
cbsl,2019-11-05,178.5066,182.1728,,,
cbsl,2019-11-06,178.407,182.0726,,,
cbsl,2019-11-07,178.8061,182.4731,,,
cbsl,2019-11-08,178.8258,182.4933,,,
cbsl,2019-11-13,178.6266,182.2928,,,
cbsl,2019-11-14,178.4372,182.1025,,,
cbsl,2019-11-15,178.4469,182.1126,,,
cbsl,2019-11-18,178.0072,181.6725,,,
cbsl,2019-11-19,177.629,181.2914,,,
cbsl,2019-11-20,177.4094,181.0712,,,
cbsl,2019-11-21,177.3996,181.0611,,,
cbsl,2019-11-22,177.7086,181.3717,,,
cbsl,2019-11-25,178.0975,181.7623,,,
cbsl,2019-11-26,178.8857,182.5533,,,
cbsl,2019-11-27,179.5937,183.2645,,,
cbsl,2019-11-28,178.9256,182.5934,,,
cbsl,2019-11-29,178.7462,182.4131,,,
cbsl,2019-12-02,178.9357,182.6033,,,
cbsl,2019-12-03,179.225,182.8938,,,
cbsl,2019-12-04,179.5443,183.2142,,,
cbsl,2019-12-05,179.3546,183.024,,,
cbsl,2019-12-06,179.5242,183.1942,,,
cbsl,2019-12-09,179.315,182.9838,,,
cbsl,2019-12-10,179.3349,183.0038,,,
cbsl,2019-12-12,179.1852,182.8536,,,
cbsl,2019-12-13,178.8958,182.5633,,,
cbsl,2019-12-16,179.1451,182.8137,,,
cbsl,2019-12-17,179.1749,182.8438,,,
cbsl,2019-12-18,179.1452,182.8136,,,
cbsl,2019-12-19,179.175,182.8438,,,
cbsl,2019-12-20,179.3745,183.144,,,
cbsl,2019-12-23,179.1452,182.8136,,,
cbsl,2019-12-24,179.3248,182.9939,,,
cbsl,2019-12-26,179.3445,183.014,,,
cbsl,2019-12-27,179.3945,183.064,,,
cbsl,2019-12-30,179.5443,183.2142,,,
cbsl,2019-12-31,179.6638,183.3345,,,
cbsl,2020-01-01,179.4845,183.154,,,
cbsl,2020-01-02,179.245,182.9138,,,
cbsl,2020-01-03,179.3145,183.084,,,
cbsl,2020-01-06,179.3748,183.0439,,,
cbsl,2020-01-07,179.3846,183.054,,,
cbsl,2020-01-08,179.3748,183.0439,,,
cbsl,2020-01-09,179.6836,183.3546,,,
cbsl,2020-01-13,179.4148,183.0839,,,
cbsl,2020-01-14,179.5642,183.2342,,,
cbsl,2020-01-16,179.5942,183.2642,,,
cbsl,2020-01-17,179.3749,183.0438,,,
cbsl,2020-01-20,179.3749,183.0438,,,
cbsl,2020-01-21,179.3948,183.0639,,,
cbsl,2020-01-22,179.5071,183.1766,,,
cbsl,2020-01-23,179.557,183.2267,,,
cbsl,2020-01-24,179.6068,183.2769,,,
cbsl,2020-01-27,179.6468,183.3169,,,
cbsl,2020-01-28,179.6767,183.347,,,
cbsl,2020-01-29,179.6668,183.3369,,,
cbsl,2020-01-30,179.637,183.3067,,,
cbsl,2020-01-31,179.6369,183.3068,,,
cbsl,2020-02-03,179.577,183.2467,,,
cbsl,2020-02-05,179.597,183.2667,,,
cbsl,2020-02-06,179.5471,183.2166,,,
cbsl,2020-02-07,179.5272,183.1965,,,
cbsl,2020-02-10,179.557,183.2267,,,
cbsl,2020-02-11,179.5371,183.2066,,,
cbsl,2020-02-12,179.557,183.2267,,,
cbsl,2020-02-13,179.5771,183.2466,,,
cbsl,2020-02-14,179.5671,183.2366,,,
cbsl,2020-02-17,179.5969,183.2668,,,
cbsl,2020-02-18,179.6568,183.3269,,,
cbsl,2020-02-19,179.7266,183.3971,,,
cbsl,2020-02-20,180.0159,183.6877,,,
cbsl,2020-02-24,179.7367,183.407,,,
cbsl,2020-02-25,179.8264,183.4972,,,
cbsl,2020-02-26,179.8165,183.4872,,,
cbsl,2020-02-27,179.8266,183.4971,,,
cbsl,2020-02-28,179.9662,183.6374,,,
cbsl,2020-03-02,180.0062,183.6774,,,
cbsl,2020-03-03,180.1558,183.8278,,,
cbsl,2020-03-04,180.2057,183.8779,,,
cbsl,2020-03-05,180.1759,183.8477,,,
cbsl,2020-03-06,180.0161,183.6875,,,
cbsl,2020-03-10,180.096,183.7676,,,
cbsl,2020-03-11,180.6547,184.3288,,,
cbsl,2020-03-12,180.6847,184.3588,,,
cbsl,2020-03-13,181.2135,185.0899,,,
cbsl,2020-03-17,182.5795,186.6635,,,
cbsl,2020-03-18,183.149,187.2339,,,
cbsl,2020-03-19,184.117,188.2057,,,
cbsl,2020-03-20,185.385,189.8775,,,
cbsl,2020-03-24,185.9354,190.6188,,,
cbsl,2020-03-27,187.103,191.9902,,,
cbsl,2020-03-30,187.4091,192.5025,,,
cbsl,2020-03-31,187.3584,192.453,,,
cbsl,2020-04-01,187.5584,192.653,,,
cbsl,2020-04-02,187.7084,192.803,,,
cbsl,2020-04-03,188.5584,193.753,,,
cbsl,2020-04-06,193.3598,199.4042,,,
cbsl,2020-04-08,193.9572,200.4652,,,
cbsl,2020-04-09,194.2034,200.474,,,
cbsl,2020-04-15,188.5124,195.7834,,,
cbsl,2020-04-16,189.3356,195.5796,,,
cbsl,2020-04-17,188.4656,195.4796,,,
cbsl,2020-04-20,189.6324,196.6534,,,
cbsl,2020-04-21,190.1895,197.2168,,,
cbsl,2020-04-22,190.78,197.85,,,
cbsl,2020-04-23,191.7,198.2,,,
cbsl,2020-04-24,190.6982,197.6483,,,
cbsl,2020-04-27,189.69,196.07,,,
cbsl,2020-04-28,190.45,196.05,,,
cbsl,2020-04-29,189.81,195.89,,,
cbsl,2020-04-30,190.42,195.82,,,
cbsl,2020-05-04,188.3788,194.1158,,,
cbsl,2020-05-05,185.81,191.71,,,
cbsl,2020-05-06,186.54,191.5,,,
cbsl,2020-05-11,184.36,190.16,,,
cbsl,2020-05-12,184.63,190.12,,,
cbsl,2020-05-13,184.54,190.34,,,
cbsl,2020-05-14,185.14,190.34,,,
cbsl,2020-05-15,184.89,189.99,,,
cbsl,2020-05-18,184.74,189.94,,,
cbsl,2020-05-19,184.63,189.73,,,
cbsl,2020-05-20,184.5,189.6,,,
cbsl,2020-05-21,184.15,189.25,,,
cbsl,2020-05-22,183.81,188.81,,,
cbsl,2020-05-26,183.16,188.06,,,
cbsl,2020-05-27,183.3,188.4,,,
cbsl,2020-05-28,183.51,188.61,,,
cbsl,2020-05-29,183.52,188.62,,,
cbsl,2020-06-01,183.51,188.61,,,
cbsl,2020-06-02,183.42,188.42,,,
cbsl,2020-06-03,183.37,188.27,,,
cbsl,2020-06-04,183.27,188.07,,,
cbsl,2020-06-08,182.86,187.86,,,
cbsl,2020-06-09,182.6,187.6,,,
cbsl,2020-06-10,182.5,187.5,,,
cbsl,2020-06-11,182.55,187.55,,,
cbsl,2020-06-12,182.64,187.64,,,
cbsl,2020-06-15,182.74,187.74,,,
cbsl,2020-06-16,183.32,188.22,,,
cbsl,2020-06-17,183.61,188.41,,,
cbsl,2020-06-18,184.02,188.72,,,
cbsl,2020-06-19,184.08,188.78,,,
cbsl,2020-06-22,184.2,188.8,,,
cbsl,2020-06-23,184.12,188.82,,,
cbsl,2020-06-24,184.1,188.8,,,
cbsl,2020-06-25,184.13,188.83,,,
cbsl,2020-06-26,183.76,188.46,,,
cbsl,2020-06-29,183.78,188.48,,,
cbsl,2020-06-30,183.81,188.51,,,
cbsl,2020-07-01,183.79,188.49,,,
cbsl,2020-07-02,183.71,188.41,,,
cbsl,2020-07-03,183.68,188.38,,,
cbsl,2020-07-06,183.58,188.18,,,
cbsl,2020-07-07,183.53,188.13,,,
cbsl,2020-07-08,183.55,188.15,,,
cbsl,2020-07-09,183.48,188.08,,,
cbsl,2020-07-10,183.5,188.1,,,
cbsl,2020-07-13,183.5,188.1,,,
cbsl,2020-07-14,183.52,188.12,,,
cbsl,2020-07-15,183.53,188.13,,,
cbsl,2020-07-16,183.54,188.14,,,
cbsl,2020-07-17,183.49,188.09,,,
cbsl,2020-07-20,183.48,188.08,,,
cbsl,2020-07-21,183.53,188.03,,,
cbsl,2020-07-22,183.54,188.04,,,
cbsl,2020-07-23,183.54,188.04,,,
cbsl,2020-07-24,183.52,188.02,,,
cbsl,2020-07-27,183.52,188.02,,,
cbsl,2020-07-28,183.51,188.01,,,
cbsl,2020-07-29,183.5,188,,,
cbsl,2020-07-30,183.45,187.95,,,
cbsl,2020-07-31,183.36,187.86,,,
cbsl,2020-08-04,183.38,187.85,,,
cbsl,2020-08-05,183.26,187.76,,,
cbsl,2020-08-06,183.23,187.73,,,
cbsl,2020-08-07,183.13,187.63,,,
cbsl,2020-08-10,182.98,187.48,,,
cbsl,2020-08-11,182.36,186.86,,,
cbsl,2020-08-12,181.84,186.14,,,
cbsl,2020-08-13,180.84,185.04,,,
cbsl,2020-08-14,180.77,185.07,,,
cbsl,2020-08-17,181.05,185.45,,,
cbsl,2020-08-18,181.49,185.79,,,
cbsl,2020-08-19,182.14,186.44,,,
cbsl,2020-08-20,183.68,188.48,,,
cbsl,2020-08-21,182.39,186.79,,,
cbsl,2020-08-24,182.32,186.72,,,
cbsl,2020-08-25,182.65,187.25,,,
cbsl,2020-08-26,184.23,188.53,,,
cbsl,2020-08-27,184.08,188.48,,,
cbsl,2020-08-28,183.78,188.18,,,
cbsl,2020-08-31,184.09,188.49,,,
cbsl,2020-09-02,183.83,188.13,,,
cbsl,2020-09-03,183.07,187.47,,,
cbsl,2020-09-04,183.04,187.44,,,
cbsl,2020-09-07,183,187.3,,,
cbsl,2020-09-08,182.44,186.84,,,
cbsl,2020-09-09,182.1,186.5,,,
cbsl,2020-09-10,182.16,186.56,,,
cbsl,2020-09-11,182.42,186.82,,,
cbsl,2020-09-14,182.21,186.61,,,
cbsl,2020-09-15,182.14,186.54,,,
cbsl,2020-09-16,182.21,186.61,,,
cbsl,2020-09-17,182.72,187.12,,,
cbsl,2020-09-18,182.82,187.18,,,
cbsl,2020-09-21,183.22,187.58,,,
cbsl,2020-09-22,183.18,187.54,,,
cbsl,2020-09-23,182.97,187.33,,,
cbsl,2020-09-24,182.83,187.13,,,
cbsl,2020-09-25,182.94,187.3,,,
cbsl,2020-09-28,183.08,187.4,,,
cbsl,2020-09-29,183.18,187.5,,,
cbsl,2020-09-30,183,187.32,,,
cbsl,2020-10-02,182.89,187.21,,,
cbsl,2020-10-05,182.43,186.75,,,
cbsl,2020-10-06,182.51,186.81,,,
cbsl,2020-10-07,182.43,186.75,,,
cbsl,2020-10-08,182.17,186.49,,,
cbsl,2020-10-09,182.02,186.34,,,
cbsl,2020-10-12,182.03,186.35,,,
cbsl,2020-10-13,182.03,186.35,,,
cbsl,2020-10-14,182.14,186.46,,,
cbsl,2020-10-15,182.58,186.88,,,
cbsl,2020-10-16,182.38,186.7,,,
cbsl,2020-10-19,182.1,186.42,,,
cbsl,2020-10-20,182.16,186.48,,,
cbsl,2020-10-21,182.34,186.66,,,
cbsl,2020-10-22,182.14,186.44,,,
cbsl,2020-10-23,182.19,186.49,,,
cbsl,2020-10-26,182.1,186.4,,,
cbsl,2020-10-27,182.16,186.46,,,
cbsl,2020-10-28,182.14,186.46,,,
cbsl,2020-10-29,182.13,186.45,,,
cbsl,2020-11-02,182.12,186.44,,,
cbsl,2020-11-03,182.29,186.61,,,
cbsl,2020-11-04,182.25,186.55,,,
cbsl,2020-11-05,182.25,186.57,,,
cbsl,2020-11-06,182.33,186.63,,,
cbsl,2020-11-09,182.32,186.64,,,
cbsl,2020-11-10,182.34,186.66,,,
cbsl,2020-11-11,182.35,186.65,,,
cbsl,2020-11-12,182.4,186.7,,,
cbsl,2020-11-13,182.4,186.7,,,
cbsl,2020-11-16,182.5,186.8,,,
cbsl,2020-11-17,183.01,187.31,,,
cbsl,2020-11-18,183,187.32,,,
cbsl,2020-11-19,182.51,186.83,,,
cbsl,2020-11-20,182.91,187.11,,,
cbsl,2020-11-23,183.33,187.53,,,
cbsl,2020-11-24,183.17,187.39,,,
cbsl,2020-11-25,183.54,187.76,,,
cbsl,2020-11-26,183.58,187.78,,,
cbsl,2020-11-27,183.02,187.24,,,
cbsl,2020-11-30,183.33,187.55,,,
cbsl,2020-12-01,183.66,187.88,,,
cbsl,2020-12-02,183.79,187.99,,,
cbsl,2020-12-03,184.26,188.66,,,
cbsl,2020-12-04,183.9,188.3,,,
cbsl,2020-12-07,183.77,188.19,,,
cbsl,2020-12-08,184.1,188.52,,,
cbsl,2020-12-09,184.14,188.54,,,
cbsl,2020-12-10,183.64,188.06,,,
cbsl,2020-12-11,183.72,188.14,,,
cbsl,2020-12-14,184.57,188.97,,,
cbsl,2020-12-15,185.1,189.52,,,
cbsl,2020-12-16,185.23,189.83,,,
cbsl,2020-12-17,186.13,190.53,,,
cbsl,2020-12-18,185.41,190.13,,,
cbsl,2020-12-21,185.95,190.37,,,
cbsl,2020-12-22,186.8,191.2,,,
cbsl,2020-12-23,188.01,193.05,,,
cbsl,2020-12-24,189.08,194.66,,,
cbsl,2020-12-28,186.7,192.1,,,
cbsl,2020-12-30,185.2,190.02,,,
cbsl,2020-12-31,184.12,189.18,,,
cbsl,2021-01-01,184.98,189.8,,,
cbsl,2021-01-04,184.82,189.88,,,
cbsl,2021-01-05,187.6,191.9,,,
cbsl,2021-01-06,187.54,191.96,,,
cbsl,2021-01-07,187.1,191.77,,,
cbsl,2021-01-08,186.28,190.98,,,
cbsl,2021-01-11,188.05,192.47,,,
cbsl,2021-01-12,188.49,193.65,,,
cbsl,2021-01-13,190.33,194.07,,,
cbsl,2021-01-15,190.77,196.05,,,
cbsl,2021-01-18,191.6475,196.0262,,,
cbsl,2021-01-19,190.89,196.05,,,
cbsl,2021-01-20,192.8513,198.2647,,,
cbsl,2021-01-21,193.16,197.68,,,
cbsl,2021-01-22,194.3125,199.1875,,,
cbsl,2021-01-25,194.19,199.65,,,
cbsl,2021-01-26,192.4,198.8,,,
cbsl,2021-01-27,193.1921,198.2435,,,
cbsl,2021-01-29,189.6615,194.4435,,,
cbsl,2021-02-01,188.63,193.17,,,
cbsl,2021-02-02,190.4,195.5,,,
cbsl,2021-02-03,192.32,197.62,,,
cbsl,2021-02-05,191.59,196.03,,,
cbsl,2021-02-08,191.967,196.5069,,,
cbsl,2021-02-09,192.57,196.81,,,
cbsl,2021-02-10,192.23,197.45,,,
cbsl,2021-02-11,193.537,198.668,,,
cbsl,2021-02-12,191.2395,196.3655,,,
cbsl,2021-02-15,192.79,197.03,,,
cbsl,2021-02-16,193.2575,197.9775,,,
cbsl,2021-02-17,193.6565,198.9485,,,
cbsl,2021-02-18,193.3913,198.3847,,,
cbsl,2021-02-19,193.58,198.58,,,
cbsl,2021-02-22,193.13,197.53,,,
cbsl,2021-02-23,191.19,195.93,,,
cbsl,2021-02-24,192,196.4,,,
cbsl,2021-02-25,192.88,196.62,,,
cbsl,2021-03-01,192.01,197.05,,,
cbsl,2021-03-02,192.49,197.32,,,
cbsl,2021-03-03,193.99,198.32,,,
cbsl,2021-03-04,193.94,198.27,,,
cbsl,2021-03-05,194.01,198.34,,,
cbsl,2021-03-08,194.046,198.576,,,
cbsl,2021-03-09,194.354,198.682,,,
cbsl,2021-03-10,194.374,198.662,,,
cbsl,2021-03-12,194.444,198.874,,,
cbsl,2021-03-15,194.428,198.964,,,
cbsl,2021-03-16,195.28,200.06,,,
cbsl,2021-03-17,197.58,201.75,,,
cbsl,2021-03-18,195.3045,201.5005,,,
cbsl,2021-03-19,195.28,200.19,,,
cbsl,2021-03-22,195.3773,200.0401,,,
cbsl,2021-03-23,196.3948,200.8635,,,
cbsl,2021-03-24,196.9248,201.1935,,,
cbsl,2021-03-25,196.41,201.01,,,
cbsl,2021-03-26,196.72,201.6,,,
cbsl,2021-03-29,197.28,201.77,,,
cbsl,2021-03-30,196.83,201.93,,,
cbsl,2021-03-31,197.62,202.04,,,
cbsl,2021-04-01,197,202.1,,,
cbsl,2021-04-05,197.25,201.95,,,
cbsl,2021-04-06,198,202.7,,,
cbsl,2021-04-07,198.56,202.88,,,
cbsl,2021-04-08,199.21,203.5,,,
cbsl,2021-04-09,199.04,203.59,,,
cbsl,2021-04-12,199.15,203.73,,,
cbsl,2021-04-15,199.808,204.628,,,
cbsl,2021-04-16,195.72,201.28,,,
cbsl,2021-04-19,187.93,191.97,,,
cbsl,2021-04-20,190.2905,195.2145,,,
cbsl,2021-04-21,195.1,200.9,,,
cbsl,2021-04-22,193.4075,199.3925,,,
cbsl,2021-04-23,192.5105,198.4895,,,
cbsl,2021-04-27,194.3865,199.4185,,,
cbsl,2021-04-28,194.86,199.52,,,
cbsl,2021-04-29,196.11,199.87,,,
cbsl,2021-04-30,195.91,199.87,,,
cbsl,2021-05-03,195.73,199.89,,,
cbsl,2021-05-04,195.18,199.93,,,
cbsl,2021-05-05,195.0848,199.941,,,
cbsl,2021-05-06,196.7723,201.8788,,,
cbsl,2021-05-07,197.5503,201.8988,,,
cbsl,2021-05-10,197.598,201.948,,,
cbsl,2021-05-11,197.598,201.948,,,
cbsl,2021-05-12,197.818,201.948,,,
cbsl,2021-05-13,197.3841,202.282,,,
cbsl,2021-05-17,197.5023,202.8977,,,
cbsl,2021-05-18,198.2691,202.8494,,,
cbsl,2021-05-19,198.2989,202.8796,,,
cbsl,2021-05-20,198.1789,202.8796,,,
cbsl,2021-05-21,198.2989,202.8796,,,
cbsl,2021-05-24,197.9103,202.8896,,,
cbsl,2021-05-25,198.0303,202.8896,,,
cbsl,2021-05-28,197.9103,202.8896,,,
cbsl,2021-05-31,197.9103,202.8896,,,
cbsl,2021-06-01,198.0283,202.8877,,,
cbsl,2021-06-02,197.9103,202.8896,,,
cbsl,2021-06-03,197.8103,202.8896,,,
cbsl,2021-06-04,198.1303,202.8896,,,
cbsl,2021-06-07,197.8103,202.8896,,,
cbsl,2021-06-08,197.9283,202.8877,,,
cbsl,2021-06-09,197.9103,202.8896,,,
cbsl,2021-06-10,197.9103,202.8896,,,
cbsl,2021-06-11,198.1303,202.8896,,,
cbsl,2021-06-14,198.1103,202.8896,,,
cbsl,2021-06-15,197.9303,202.8896,,,
cbsl,2021-06-16,197.9303,202.8896,,,
cbsl,2021-06-17,198.0303,202.8896,,,
cbsl,2021-06-18,198.0303,202.8896,,,
cbsl,2021-06-21,197.9103,202.8896,,,
cbsl,2021-06-22,198.0303,202.8896,,,
cbsl,2021-06-23,197.9223,202.8977,,,
cbsl,2021-06-25,197.5223,202.8977,,,
cbsl,2021-06-28,197.3063,202.8977,,,
cbsl,2021-06-29,197.3063,202.8977,,,
cbsl,2021-06-30,197.3263,202.8977,,,
cbsl,2021-07-01,197.4023,202.8977,,,
cbsl,2021-07-02,198.2183,202.8977,,,
cbsl,2021-07-05,197.5023,202.8977,,,
cbsl,2021-07-06,197.8023,202.8977,,,
cbsl,2021-07-07,198.1183,202.8977,,,
cbsl,2021-07-08,197.9023,202.8977,,,
cbsl,2021-07-09,197.9023,202.8977,,,
cbsl,2021-07-12,198.2183,202.8977,,,
cbsl,2021-07-13,198.3183,202.8977,,,
cbsl,2021-07-14,197.9023,202.8977,,,
cbsl,2021-07-15,198.1183,202.8977,,,
cbsl,2021-07-16,198.1223,202.8977,,,
cbsl,2021-07-19,197.9023,202.8977,,,
cbsl,2021-07-20,197.9023,202.8977,,,
cbsl,2021-07-22,197.9223,202.8977,,,
cbsl,2021-07-26,197.9023,202.8977,,,
cbsl,2021-07-27,197.8023,202.8977,,,
cbsl,2021-07-28,197.9023,202.8977,,,
cbsl,2021-07-29,197.6023,202.8977,,,
cbsl,2021-07-30,198.3983,202.8977,,,
cbsl,2021-08-02,197.2063,202.8977,,,
cbsl,2021-08-03,198.0983,202.8977,,,
cbsl,2021-08-04,198.0983,202.8977,,,
cbsl,2021-08-05,198.3183,202.8977,,,
cbsl,2021-08-06,198.3183,202.8977,,,
cbsl,2021-08-09,197.8023,202.8977,,,
cbsl,2021-08-10,198.1983,202.8977,,,
cbsl,2021-08-11,198.2983,202.8977,,,
cbsl,2021-08-12,197.6023,202.8977,,,
cbsl,2021-08-13,198.5983,202.8977,,,
cbsl,2021-08-16,198.3983,202.8977,,,
cbsl,2021-08-17,198.1983,202.8977,,,
cbsl,2021-08-18,198.3983,202.8977,,,
cbsl,2021-08-19,197.8983,202.8977,,,
cbsl,2021-08-20,198.1983,202.8977,,,
cbsl,2021-08-23,197.9023,202.8977,,,
cbsl,2021-08-24,197.9023,202.8977,,,
cbsl,2021-08-25,197.9023,202.8977,,,
cbsl,2021-08-26,197.9023,202.8977,,,
cbsl,2021-08-27,198.1023,202.8977,,,
cbsl,2021-08-30,197.9023,202.8977,,,
cbsl,2021-08-31,198.9023,204.8977,,,
cbsl,2021-09-01,198.8649,203.8701,,,
cbsl,2021-09-02,198.5008,202.9992,,,
cbsl,2021-09-03,198.5008,202.9992,,,
cbsl,2021-09-06,198.5,203,,,
cbsl,2021-09-07,198.5008,202.9992,,,
cbsl,2021-09-08,198.5008,202.9992,,,
cbsl,2021-09-09,198.5008,202.9992,,,
cbsl,2021-09-10,198.5008,202.9992,,,
cbsl,2021-09-13,198.5008,202.9992,,,
cbsl,2021-09-14,198.5008,202.9992,,,
cbsl,2021-09-15,198.5008,202.9992,,,
cbsl,2021-09-16,198.5008,202.9992,,,
cbsl,2021-09-17,198.5008,202.9992,,,
cbsl,2021-09-21,198.5008,202.9992,,,
cbsl,2021-09-22,198.5008,202.9992,,,
cbsl,2021-09-23,198.5008,202.9992,,,
cbsl,2021-09-24,198.5008,202.9992,,,
cbsl,2021-09-27,198.5008,202.9992,,,
cbsl,2021-09-28,198.5008,202.9992,,,
cbsl,2021-09-29,198.5008,202.9992,,,
cbsl,2021-09-30,198.5008,202.9992,,,
cbsl,2021-10-01,198.5008,202.9992,,,
cbsl,2021-10-04,198.5008,202.9992,,,
cbsl,2021-10-05,198.5008,202.9992,,,
cbsl,2021-10-06,198.5008,202.9992,,,
cbsl,2021-10-07,198.5008,202.9992,,,
cbsl,2021-10-08,198.5008,202.9992,,,
cbsl,2021-10-11,198.5008,202.9992,,,
cbsl,2021-10-12,198.5008,202.9992,,,
cbsl,2021-10-13,198.5008,202.9992,,,
cbsl,2021-10-14,198.5008,202.9992,,,
cbsl,2021-10-15,198.5008,202.9992,,,
cbsl,2021-10-18,198.5008,202.9992,,,
cbsl,2021-10-21,198.5008,202.9992,,,
cbsl,2021-10-22,198.5008,202.9992,,,
cbsl,2021-10-25,198.5008,202.9992,,,
cbsl,2021-10-26,198.5008,202.9992,,,
cbsl,2021-10-27,198.5008,202.9992,,,
cbsl,2021-10-28,198.5008,202.9992,,,
cbsl,2021-10-29,198.5008,202.9992,,,
cbsl,2021-11-01,198.5008,202.9992,,,
cbsl,2021-11-02,198.5008,202.9992,,,
cbsl,2021-11-03,198.5008,202.9992,,,
cbsl,2021-11-05,198.5008,202.9992,,,
cbsl,2021-11-08,198.5008,202.9992,,,
cbsl,2021-11-09,198.5008,202.9992,,,
cbsl,2021-11-10,198.5008,202.9992,,,
cbsl,2021-11-11,198.5008,202.9992,,,
cbsl,2021-11-12,198.5008,202.9992,,,
cbsl,2021-11-15,198.5008,202.9992,,,
cbsl,2021-11-16,198.5008,202.9992,,,
cbsl,2021-11-17,198.5008,202.9992,,,
cbsl,2021-11-19,198.5008,202.9992,,,
cbsl,2021-11-22,198.5008,202.9992,,,
cbsl,2021-11-23,198.5008,202.9992,,,
cbsl,2021-11-24,198.5008,202.9992,,,
cbsl,2021-11-25,198.5008,202.9992,,,
cbsl,2021-11-26,198.5008,202.9992,,,
cbsl,2021-11-29,198.5008,202.9992,,,
cbsl,2021-11-30,198.5008,202.9992,,,
cbsl,2021-12-01,198.5008,202.9992,,,
cbsl,2021-12-02,198.5008,202.9992,,,
cbsl,2021-12-03,198.5008,202.9992,,,
cbsl,2021-12-06,198.5008,202.9992,,,
cbsl,2021-12-07,198.5008,202.9992,,,
cbsl,2021-12-08,198.5008,202.9992,,,
cbsl,2021-12-09,198.5008,202.9992,,,
cbsl,2021-12-10,198.5008,202.9992,,,
cbsl,2021-12-13,198.5008,202.9992,,,
cbsl,2021-12-14,198.5008,202.9992,,,
cbsl,2021-12-15,198.5008,202.9992,,,
cbsl,2021-12-16,198.5008,202.9992,,,
cbsl,2021-12-17,198.5008,202.9992,,,
cbsl,2021-12-20,198.5008,202.9992,,,
cbsl,2021-12-21,198.5008,202.9992,,,
cbsl,2021-12-22,198.5008,202.9992,,,
cbsl,2021-12-23,198.5008,202.9992,,,
cbsl,2021-12-24,198.5008,202.9992,,,
cbsl,2021-12-27,198.5008,202.9992,,,
cbsl,2021-12-28,198.5008,202.9992,,,
cbsl,2021-12-29,198.5008,202.9992,,,
cbsl,2021-12-30,198.5008,202.9992,,,
cbsl,2021-12-31,198.5008,202.9992,,,
cbsl,2022-01-03,198.5008,202.9992,,,
cbsl,2022-01-04,198.5008,202.9992,,,
cbsl,2022-01-05,198.5008,202.9992,,,
cbsl,2022-01-06,198.5008,202.9992,,,
cbsl,2022-01-07,198.5008,202.9992,,,
cbsl,2022-01-10,198.5008,202.9992,,,
cbsl,2022-01-11,198.5008,202.9992,,,
cbsl,2022-01-12,198.5008,202.9992,,,
cbsl,2022-01-13,198.5008,202.9992,,,
cbsl,2022-01-18,198.5008,202.9992,,,
cbsl,2022-01-19,198.5008,202.9992,,,
cbsl,2022-01-20,198.5008,202.9992,,,
cbsl,2022-01-21,198.5008,202.9992,,,
cbsl,2022-01-24,198.5008,202.9992,,,
cbsl,2022-01-25,198.5008,202.9992,,,
cbsl,2022-01-26,198.5008,202.9992,,,
cbsl,2022-01-27,198.5008,202.9992,,,
cbsl,2022-01-28,198.5008,202.9992,,,
cbsl,2022-01-31,198.5008,202.9992,,,
cbsl,2022-02-01,198.5008,202.9992,,,
cbsl,2022-02-02,198.5008,202.9992,,,
cbsl,2022-02-03,198.5008,202.9992,,,
cbsl,2022-02-07,198.5008,202.9992,,,
cbsl,2022-02-08,198.5008,202.9992,,,
cbsl,2022-02-09,198.5008,202.9992,,,
cbsl,2022-02-10,198.5008,202.9992,,,
cbsl,2022-02-11,198.5008,202.9992,,,
cbsl,2022-02-14,198.5008,202.9992,,,
cbsl,2022-02-15,198.5008,202.9992,,,
cbsl,2022-02-17,198.5008,202.9992,,,
cbsl,2022-02-18,198.5008,202.9992,,,
cbsl,2022-02-21,198.5008,202.9992,,,
cbsl,2022-02-22,198.5008,202.9992,,,
cbsl,2022-02-23,198.5008,202.9992,,,
cbsl,2022-02-24,198.5008,202.9992,,,
cbsl,2022-02-25,198.5008,202.9992,,,
cbsl,2022-02-28,198.5008,202.9992,,,
cbsl,2022-03-02,198.5008,202.9992,,,
cbsl,2022-03-03,198.5008,202.9992,,,
cbsl,2022-03-04,198.5008,202.9992,,,
cbsl,2022-03-07,198.5008,202.9992,,,
cbsl,2022-03-08,225.2013,229.9987,,,
cbsl,2022-03-09,225.2013,229.9987,,,
cbsl,2022-03-10,249.9603,259.9999,,,
cbsl,2022-03-11,249.9603,259.9999,,,
cbsl,2022-03-14,249.9603,259.9999,,,
cbsl,2022-03-15,259.762,269.9952,,,
cbsl,2022-03-16,264.6677,274.9979,,,
cbsl,2022-03-18,264.6677,274.9979,,,
cbsl,2022-03-21,264.6677,274.9979,,,
cbsl,2022-03-22,272.0686,282.4956,,,
cbsl,2022-03-23,274.9957,284.9983,,,
cbsl,2022-03-24,279.9056,289.996,,,
cbsl,2022-03-25,284.8205,294.9987,,,
cbsl,2022-03-28,288.7475,298.9958,,,
cbsl,2022-03-29,288.7475,298.9958,,,
cbsl,2022-03-30,288.7475,298.9958,,,
cbsl,2022-03-31,288.7475,298.9958,,,
cbsl,2022-04-01,289.2425,299.4908,,,
cbsl,2022-04-04,289.7255,299.9914,,,
cbsl,2022-04-05,293.2305,303.4964,,,
cbsl,2022-04-06,298.1064,308.4951,,,
cbsl,2022-04-07,309.3802,319.9971,,,
cbsl,2022-04-08,310.8802,321.4971,,,
cbsl,2022-04-11,316.795,327.4999,,,
cbsl,2022-04-12,319.205,329.9975,,,
cbsl,2022-04-18,322.7201,334.9975,,,
cbsl,2022-04-19,327.5,339.9979,,,
cbsl,2022-04-20,327.5,339.9979,,,
cbsl,2022-04-21,327.5,339.9979,,,
cbsl,2022-04-22,327.5,339.9979,,,
cbsl,2022-04-25,330,342.4979,,,
cbsl,2022-04-26,333.8875,346.4956,,,
cbsl,2022-04-27,337.8229,350.4972,,,
cbsl,2022-04-28,342.1673,354.996,,,
cbsl,2022-04-29,347.0597,359.9987,,,
cbsl,2022-05-04,350.0597,362.9987,,,
cbsl,2022-05-05,356.8395,369.9991,,,
cbsl,2022-05-06,361.727,374.9967,,,
cbsl,2022-05-09,361.727,374.9967,,,
cbsl,2022-05-11,361.727,374.9967,,,
cbsl,2022-05-12,364.227,377.4967,,,
cbsl,2022-05-13,355.016,364.984,,,
cbsl,2022-05-17,354.7678,364.7323,,,
cbsl,2022-05-18,354.6684,364.6316,,,
cbsl,2022-05-19,354.5691,364.5309,,,
cbsl,2022-05-20,354.4897,364.4504,,,
cbsl,2022-05-23,354.4599,364.4202,,,
cbsl,2022-05-24,354.4003,364.3597,,,
cbsl,2022-05-25,354.4003,364.3597,,,
cbsl,2022-05-26,354.728,364.692,,,
cbsl,2022-05-27,354.2712,364.2289,,,
cbsl,2022-05-30,355.7708,365.7493,,,
cbsl,2022-05-31,355.7708,365.7493,,,
cbsl,2022-06-01,355.1253,365.0948,,,
cbsl,2022-06-02,355.6119,365.5882,,,
cbsl,2022-06-03,355.314,365.2861,,,
cbsl,2022-06-06,355.2941,365.266,,,
cbsl,2022-06-07,356.0968,366.2398,,,
cbsl,2022-06-08,355.6855,366.5762,,,
cbsl,2022-06-09,355.8183,366.7956,,,
cbsl,2022-06-10,355.6074,366.5287,,,
cbsl,2022-06-13,355.7263,366.5254,,,
cbsl,2022-06-15,355.7074,366.5065,,,
cbsl,2022-06-16,355.6785,366.4915,,,
cbsl,2022-06-17,355.5141,366.3277,,,
cbsl,2022-06-20,356.2897,366.838,,,
cbsl,2022-06-21,357.2826,367.7352,,,
cbsl,2022-06-22,356.4424,367.1121,,,
cbsl,2022-06-23,356.6729,367.3982,,,
cbsl,2022-06-24,356.1255,367.1686,,,
cbsl,2022-06-27,356.2373,367.4039,,,
cbsl,2022-06-28,356.0634,367.2255,,,
cbsl,2022-06-29,355.8173,367.0703,,,
cbsl,2022-06-30,355.7601,367.1246,,,
cbsl,2022-07-01,356.4236,367.2423,,,
cbsl,2022-07-04,356.5951,367.3155,,,
cbsl,2022-07-05,355.9533,367.2998,,,
cbsl,2022-07-06,356.0489,367.3317,,,
cbsl,2022-07-07,356.8065,368.0616,,,
cbsl,2022-07-08,356.8217,367.6651,,,
cbsl,2022-07-11,357.7933,368.3974,,,
cbsl,2022-07-12,356.9558,368.3011,,,
cbsl,2022-07-14,358.1456,368.7594,,,
cbsl,2022-07-15,357.9486,368.5245,,,
cbsl,2022-07-18,357.6061,368.3433,,,
cbsl,2022-07-19,357.8593,368.4926,,,
cbsl,2022-07-20,358.5352,368.9001,,,
cbsl,2022-07-21,358.3145,368.9187,,,
cbsl,2022-07-22,357.9442,368.6321,,,
cbsl,2022-07-25,357.4611,368.5067,,,
cbsl,2022-07-26,357.5189,368.5144,,,
cbsl,2022-07-27,357.4406,368.4922,,,
cbsl,2022-07-28,357.4406,368.4922,,,
cbsl,2022-07-29,357.1697,368.4121,,,
cbsl,2022-08-01,357.2753,368.5064,,,
cbsl,2022-08-02,357.3077,368.5388,,,
cbsl,2022-08-03,357.2223,368.4999,,,
cbsl,2022-08-04,357.2279,368.5416,,,
cbsl,2022-08-05,357.1997,368.5198,,,
cbsl,2022-08-08,357.1491,368.4698,,,
cbsl,2022-08-09,357.2995,368.6127,,,
cbsl,2022-08-10,357.3007,368.6127,,,
cbsl,2022-08-12,357.2491,368.567,,,
cbsl,2022-08-15,357.2923,368.6066,,,
cbsl,2022-08-16,357.3756,368.6872,,,
cbsl,2022-08-17,357.3151,368.6827,,,
cbsl,2022-08-18,357.3367,368.7038,,,
cbsl,2022-08-19,357.41,368.72,,,
cbsl,2022-08-22,357.3779,368.6905,,,
cbsl,2022-08-23,357.4017,368.7116,,,
cbsl,2022-08-24,357.4017,368.7116,,,
cbsl,2022-08-25,357.4017,368.7116,,,
cbsl,2022-08-26,357.8045,369.0166,,,
cbsl,2022-08-29,357.8093,368.783,,,
cbsl,2022-08-30,357.9322,368.899,,,
cbsl,2022-08-31,357.5571,368.9007,,,
cbsl,2022-09-01,357.5138,368.8612,,,
cbsl,2022-09-02,357.8334,369.0956,,,
cbsl,2022-09-05,358.0556,369.028,,,
cbsl,2022-09-06,358.0556,369.028,,,
cbsl,2022-09-07,358.33,369.3395,,,
cbsl,2022-09-08,358.4178,369.3806,,,
cbsl,2022-09-09,358.5388,369.5017,,,
cbsl,2022-09-12,358.7807,369.6151,,,
cbsl,2022-09-13,358.788,369.6183,,,
cbsl,2022-09-14,358.9306,369.7126,,,
cbsl,2022-09-15,358.9306,369.7126,,,
cbsl,2022-09-16,358.9434,369.9135,,,
cbsl,2022-09-19,359.175,369.9371,,,
cbsl,2022-09-20,359.1381,369.9003,,,
cbsl,2022-09-21,359.1797,369.9424,,,
cbsl,2022-09-22,359.1876,369.9235,,,
cbsl,2022-09-23,359.1876,369.9235,,,
cbsl,2022-09-26,359.1876,369.9371,,,
cbsl,2022-09-27,359.1876,369.9371,,,
cbsl,2022-09-28,359.1876,369.9371,,,
cbsl,2022-09-29,359.1618,369.9103,,,
cbsl,2022-09-30,359.1618,369.9103,,,
cbsl,2022-10-03,359.1618,369.9103,,,
cbsl,2022-10-04,359.1618,369.9103,,,
cbsl,2022-10-05,359.1618,369.9103,,,
cbsl,2022-10-06,359.1618,369.8629,,,
cbsl,2022-10-07,359.1671,369.9156,,,
cbsl,2022-10-11,359.2355,369.9682,,,
cbsl,2022-10-12,359.6618,370.3945,,,
cbsl,2022-10-13,359.6987,370.4261,,,
cbsl,2022-10-14,359.8172,370.7183,,,
cbsl,2022-10-17,360.3548,370.8637,,,
cbsl,2022-10-18,360.4084,370.9316,,,
cbsl,2022-10-19,360.4507,370.975,,,
cbsl,2022-10-20,360.5935,371.1179,,,
cbsl,2022-10-21,360.7312,371.2425,,,
cbsl,2022-10-25,360.7106,371.2612,,,
cbsl,2022-10-26,360.6537,371.2103,,,
cbsl,2022-10-27,360.6537,371.2103,,,
cbsl,2022-10-28,360.6345,371.2296,,,
cbsl,2022-10-31,360.6537,371.2103,,,
cbsl,2022-11-01,360.6578,371.4597,,,
cbsl,2022-11-02,360.7104,371.5123,,,
cbsl,2022-11-03,360.7631,371.565,,,
cbsl,2022-11-04,360.8893,371.6809,,,
cbsl,2022-11-08,360.8893,371.6809,,,
cbsl,2022-11-09,360.9682,371.7599,,,
cbsl,2022-11-10,360.9682,371.7599,,,
cbsl,2022-11-11,360.9682,371.7599,,,
cbsl,2022-11-14,360.9682,371.7599,,,
cbsl,2022-11-15,360.9682,371.7599,,,
cbsl,2022-11-16,360.984,371.7757,,,
cbsl,2022-11-17,360.9919,371.8325,,,
cbsl,2022-11-18,360.9919,371.8325,,,
cbsl,2022-11-21,360.9919,371.8325,,,
cbsl,2022-11-22,360.9919,371.8325,,,
cbsl,2022-11-23,360.9919,371.8325,,,
cbsl,2022-11-24,360.9919,371.8325,,,
cbsl,2022-11-25,360.2922,371.2929,,,
cbsl,2022-11-28,360.2922,371.2929,,,
cbsl,2022-11-29,361.2379,371.717,,,
cbsl,2022-11-30,361.2484,371.7222,,,
cbsl,2022-12-01,361.2537,371.7275,,,
cbsl,2022-12-02,361.2537,371.7222,,,
cbsl,2022-12-05,361.3026,371.7191,,,
cbsl,2022-12-06,361.3026,371.7191,,,
cbsl,2022-12-08,361.3026,371.7191,,,
cbsl,2022-12-09,361.3026,371.7191,,,
cbsl,2022-12-12,361.1973,371.7191,,,
cbsl,2022-12-13,361.1973,371.7191,,,
cbsl,2022-12-14,361.1973,371.7191,,,
cbsl,2022-12-15,361.1973,371.7191,,,
cbsl,2022-12-16,361.1973,371.7191,,,
cbsl,2022-12-19,361.1973,371.7191,,,
cbsl,2022-12-20,361.0847,371.6601,,,
cbsl,2022-12-21,361.0847,371.7127,,,
cbsl,2022-12-22,361.0871,371.6613,,,
cbsl,2022-12-23,360.8986,371.7819,,,
cbsl,2022-12-27,360.3893,371.5893,,,
cbsl,2022-12-28,360.4206,371.6168,,,
cbsl,2022-12-29,360.4206,371.6168,,,
cbsl,2022-12-30,360.4081,371.6068,,,
cbsl,2023-01-02,360.4081,371.6068,,,
cbsl,2023-01-03,360.2221,371.5921,,,
cbsl,2023-01-04,359.9741,371.5724,,,
cbsl,2023-01-05,359.9741,371.5724,,,
cbsl,2023-01-09,359.9474,371.5491,,,
cbsl,2023-01-10,360.0599,371.3989,,,
cbsl,2023-01-11,360.4722,371.3646,,,
cbsl,2023-01-12,360.3935,371.4609,,,
cbsl,2023-01-13,360.3991,371.4665,,,
cbsl,2023-01-17,360.4102,371.4781,,,
cbsl,2023-01-18,360.4102,371.4781,,,
cbsl,2023-01-19,360.5572,371.3916,,,
cbsl,2023-01-20,360.5513,371.3915,,,
cbsl,2023-01-23,360.5496,371.3845,,,
cbsl,2023-01-24,360.4912,371.3909,,,
cbsl,2023-01-25,360.4912,371.3909,,,
cbsl,2023-01-26,360.4879,371.3887,,,
cbsl,2023-01-27,360.4879,371.3887,,,
cbsl,2023-01-30,360.4501,371.3035,,,
cbsl,2023-01-31,360.4879,371.3887,,,
cbsl,2023-02-01,360.4935,371.3942,,,
cbsl,2023-02-02,360.4101,371.0331,,,
cbsl,2023-02-03,360.2903,370.3529,,,
cbsl,2023-02-06,359.9968,370.1832,,,
cbsl,2023-02-07,360.0937,370.2611,,,
cbsl,2023-02-08,359.4792,370.3547,,,
cbsl,2023-02-09,359.4009,370.2786,,,
cbsl,2023-02-10,359.0735,370.2484,,,
cbsl,2023-02-13,359.4698,369.9592,,,
cbsl,2023-02-14,359.6455,369.9523,,,
cbsl,2023-02-15,359.6092,369.8892,,,
cbsl,2023-02-16,359.5764,369.8164,,,
cbsl,2023-02-17,359.4766,369.6666,,,
cbsl,2023-02-20,359.4464,369.5636,,,
cbsl,2023-02-21,359.9702,369.3116,,,
cbsl,2023-02-22,359.3576,368.6063,,,
cbsl,2023-02-23,359.0062,368.5292,,,
cbsl,2023-02-24,358.7244,368.7702,,,
cbsl,2023-02-27,358.3621,367.9284,,,
cbsl,2023-02-28,357.6822,366.9212,,,
cbsl,2023-03-01,351.7219,362.9543,,,
cbsl,2023-03-02,343.9719,356.7393,,,
cbsl,2023-03-03,334.5016,348.0322,,,
cbsl,2023-03-07,318.3051,335.7502,,,
cbsl,2023-03-08,313.7749,331.0583,,,
cbsl,2023-03-09,307.3635,325.5218,,,
cbsl,2023-03-10,311.6269,328.9042,,,
cbsl,2023-03-13,311.8237,328.8699,,,
cbsl,2023-03-14,319.8479,335.6887,,,
cbsl,2023-03-15,327.5998,344.6634,,,
cbsl,2023-03-16,329.0282,346.3312,,,
cbsl,2023-03-17,332.2035,350.2275,,,
cbsl,2023-03-20,331.7174,349.8726,,,
cbsl,2023-03-21,316.8483,334.9328,,,
cbsl,2023-03-22,312.6153,330.1625,,,
cbsl,2023-03-23,311.2617,328.6083,,,
cbsl,2023-03-24,314.7491,331.3791,,,
cbsl,2023-03-27,314.825,332.5841,,,
cbsl,2023-03-28,315.8454,332.8711,,,
cbsl,2023-03-29,315.7075,333.4925,,,
cbsl,2023-03-30,317.7257,335.411,,,
cbsl,2023-03-31,318.277,336.0123,,,
cbsl,2023-04-03,316.7511,334.2094,,,
cbsl,2023-04-04,313.3744,330.5038,,,
cbsl,2023-04-06,313.2952,330.5619,,,
cbsl,2023-04-10,311.6379,327.7229,,,
cbsl,2023-04-11,311.4414,327.6693,,,
cbsl,2023-04-12,311.5607,327.1787,,,
cbsl,2023-04-17,312.0717,327.0215,,,
cbsl,2023-04-18,312.4139,327.4612,,,
cbsl,2023-04-19,312.9164,327.7272,,,
cbsl,2023-04-20,313.1292,327.8921,,,
cbsl,2023-04-21,313.0593,328.5152,,,
cbsl,2023-04-24,313.3347,328.4847,,,
cbsl,2023-04-25,313.2667,328.5407,,,
cbsl,2023-04-26,313.4509,328.6723,,,
cbsl,2023-04-27,313.8324,328.7701,,,
cbsl,2023-04-28,313.9239,328.7514,,,
cbsl,2023-05-02,313.7362,328.4158,,,
cbsl,2023-05-03,313.0513,327.9562,,,
cbsl,2023-05-04,312.5034,326.6292,,,
cbsl,2023-05-08,312.1955,326.3198,,,
cbsl,2023-05-09,311.0091,325.9516,,,
cbsl,2023-05-10,310.9048,324.8084,,,
cbsl,2023-05-11,308.6645,322.7018,,,
cbsl,2023-05-12,306.3886,320.0375,,,
cbsl,2023-05-15,306.1892,319.9619,,,
cbsl,2023-05-16,305.4335,318.7965,,,
cbsl,2023-05-17,302.4257,316.188,,,
cbsl,2023-05-18,299.2144,312.3715,,,
cbsl,2023-05-19,300.6519,314.0848,,,
cbsl,2023-05-22,299.7149,313.8244,,,
cbsl,2023-05-23,299.1941,312.3359,,,
cbsl,2023-05-24,297.9878,311.2316,,,
cbsl,2023-05-25,297.6055,310.9562,,,
cbsl,2023-05-26,295.6297,308.5472,,,
cbsl,2023-05-29,289.8986,303.264,,,
cbsl,2023-05-30,290.6745,303.9548,,,
cbsl,2023-05-31,287.8711,300.921,,,
cbsl,2023-06-01,283.8763,297.2316,,,
cbsl,2023-06-02,287.4258,300.3287,,,
cbsl,2023-06-05,285.6164,298.8583,,,
cbsl,2023-06-06,284.8487,297.9434,,,
cbsl,2023-06-07,285.5677,298.4378,,,
cbsl,2023-06-08,285.69,298.9191,,,
cbsl,2023-06-09,288.0867,301.1291,,,
cbsl,2023-06-12,290.0692,303.7392,,,
cbsl,2023-06-13,294.9114,309.2237,,,
cbsl,2023-06-14,303.1925,318.9974,,,
cbsl,2023-06-15,311.6057,328.9272,,,
cbsl,2023-06-16,300.5194,319.66,,,
cbsl,2023-06-19,297.5388,315.1281,,,
cbsl,2023-06-20,297.2877,314.3802,,,
cbsl,2023-06-21,298.4708,314.4947,,,
cbsl,2023-06-22,298.5485,314.963,,,
cbsl,2023-06-23,299.0378,314.365,,,
cbsl,2023-06-26,299.8333,314.9261,,,
cbsl,2023-06-27,301.3255,316.7243,,,
cbsl,2023-06-28,301.159,316.6728,,,
cbsl,2023-07-04,299.8709,314.9879,,,
cbsl,2023-07-05,298.898,313.668,,,
cbsl,2023-07-06,300.0054,315.1016,,,
cbsl,2023-07-07,302.6459,317.0914,,,
cbsl,2023-07-10,304.0216,318.2388,,,
cbsl,2023-07-11,305.1317,319.3229,,,
cbsl,2023-07-12,306.1518,320.6817,,,
cbsl,2023-07-13,308.1626,321.8765,,,
cbsl,2023-07-14,310.4938,324.6783,,,
cbsl,2023-07-17,313.2921,327.1641,,,
cbsl,2023-07-18,314.9592,328.6534,,,
cbsl,2023-07-19,315.2616,328.9299,,,
cbsl,2023-07-20,316.3078,330.2942,,,
cbsl,2023-07-21,318.7256,331.9854,,,
cbsl,2023-07-24,321.1045,334.5576,,,
cbsl,2023-07-25,323.0392,336.1624,,,
cbsl,2023-07-26,323.6966,337.1774,,,
cbsl,2023-07-27,322.8497,335.8919,,,
cbsl,2023-07-28,322.6693,335.6506,,,
cbsl,2023-07-31,322.9613,335.4036,,,
cbsl,2023-08-02,309.7055,322.6856,,,
cbsl,2023-08-03,308.6091,322.2084,,,
cbsl,2023-08-04,312.5592,326.658,,,
cbsl,2023-08-07,315.0574,328.5784,,,
cbsl,2023-08-08,315.1109,328.6038,,,
cbsl,2023-08-09,314.947,327.522,,,
cbsl,2023-08-10,313.6129,326.7861,,,
cbsl,2023-08-11,313.7834,326.9576,,,
cbsl,2023-08-14,313.9936,326.8853,,,
cbsl,2023-08-15,314.7214,328.0221,,,
cbsl,2023-08-16,314.4528,327.8235,,,
cbsl,2023-08-17,314.7805,327.8749,,,
cbsl,2023-08-18,316.2866,329.4982,,,
cbsl,2023-08-21,316.7286,329.597,,,
cbsl,2023-08-22,316.9953,329.7506,,,
cbsl,2023-08-23,317.4681,329.8616,,,
cbsl,2023-08-24,317.4823,329.8198,,,
cbsl,2023-08-25,317.8017,329.6392,,,
cbsl,2023-08-28,317.9628,329.5226,,,
cbsl,2023-08-29,317.8342,329.5445,,,
cbsl,2023-08-31,315.3357,326.9396,,,
cbsl,2023-09-01,314.1999,325.8676,,,
cbsl,2023-09-04,313.9388,326.2837,,,
cbsl,2023-09-05,314.8702,326.653,,,
cbsl,2023-09-06,315.934,327.5101,,,
cbsl,2023-09-07,316.2754,328.0638,,,
cbsl,2023-09-08,316.3124,327.9947,,,
cbsl,2023-09-11,316.2925,327.6048,,,
cbsl,2023-09-12,316.5407,327.9261,,,
cbsl,2023-09-13,316.7737,328.5308,,,
cbsl,2023-09-14,318.0857,329.5704,,,
cbsl,2023-09-15,317.5436,328.8809,,,
cbsl,2023-09-18,317.6039,328.8363,,,
cbsl,2023-09-19,318.263,329.6034,,,
cbsl,2023-09-20,318.6982,329.9359,,,
cbsl,2023-09-21,318.9021,329.9016,,,
cbsl,2023-09-22,318.5188,329.5513,,,
cbsl,2023-09-25,318.7387,329.7702,,,
cbsl,2023-09-26,318.7387,329.8014,,,
cbsl,2023-09-27,318.2642,328.9001,,,
cbsl,2023-10-02,318.2787,329.0139,,,
cbsl,2023-10-03,318.3187,329.0008,,,
cbsl,2023-10-04,318.1004,328.9126,,,
cbsl,2023-10-05,318.2266,328.9081,,,
cbsl,2023-10-06,318.2819,328.9108,,,
cbsl,2023-10-09,318.305,328.935,,,
cbsl,2023-10-10,317.9102,328.7491,,,
cbsl,2023-10-11,318.0267,328.7869,,,
cbsl,2023-10-12,318.0688,328.8289,,,
cbsl,2023-10-13,318.0872,328.8218,,,
cbsl,2023-10-16,318.1713,328.8534,,,
cbsl,2023-10-17,318.279,329.4189,,,
cbsl,2023-10-18,318.9233,329.543,,,
cbsl,2023-10-19,319.2969,329.8115,,,
cbsl,2023-10-20,319.6489,330.4162,,,
cbsl,2023-10-23,320.3297,331.005,,,
cbsl,2023-10-24,320.8134,331.3956,,,
cbsl,2023-10-25,321.7067,332.565,,,
cbsl,2023-10-26,321.3904,331.9361,,,
cbsl,2023-10-27,321.5495,332.0178,,,
cbsl,2023-10-30,321.706,332.4987,,,
cbsl,2023-10-31,322.1725,332.5096,,,
cbsl,2023-11-01,322.3488,332.6334,,,
cbsl,2023-11-02,322.4404,333.4354,,,
cbsl,2023-11-03,323.6552,334.138,,,
cbsl,2023-11-06,323.9491,334.4083,,,
cbsl,2023-11-07,321.5916,331.9647,,,
cbsl,2023-11-08,322.5072,332.7923,,,
cbsl,2023-11-09,323.1579,333.6374,,,
cbsl,2023-11-10,322.4014,332.776,,,
cbsl,2023-11-13,322.1205,332.478,,,
cbsl,2023-11-14,321.714,332.366,,,
cbsl,2023-11-15,322.583,332.9839,,,
cbsl,2023-11-16,323.3533,333.6636,,,
cbsl,2023-11-17,322.8376,333.2524,,,
cbsl,2023-11-20,322.7982,333.2023,,,
cbsl,2023-11-21,323.0561,333.1445,,,
cbsl,2023-11-22,323.4758,333.6609,,,
cbsl,2023-11-23,323.5119,333.7081,,,
cbsl,2023-11-24,323.5585,333.7448,,,
cbsl,2023-11-27,323.6397,333.7056,,,
cbsl,2023-11-28,324.1133,334.1117,,,
cbsl,2023-11-29,324.1526,334.2295,,,
cbsl,2023-11-30,323.4672,333.4564,,,
cbsl,2023-12-01,322.9017,333.2383,,,
cbsl,2023-12-04,322.8933,333.3213,,,
cbsl,2023-12-05,323.0041,333.2059,,,
cbsl,2023-12-06,322.6889,333.0711,,,
cbsl,2023-12-07,321.8784,331.7826,,,
cbsl,2023-12-08,321.8364,331.6615,,,
cbsl,2023-12-11,322.185,332.3764,,,
cbsl,2023-12-12,322.2493,332.328,,,
cbsl,2023-12-13,321.7707,331.6167,,,
cbsl,2023-12-14,322.2364,331.4772,,,
cbsl,2023-12-15,321.694,331.5038,,,
cbsl,2023-12-18,321.9469,331.6089,,,
cbsl,2023-12-19,321.9259,331.6405,,,
cbsl,2023-12-20,321.894,331.7038,,,
cbsl,2023-12-21,321.9202,331.4997,,,
cbsl,2023-12-22,321.4635,331.3071,,,
cbsl,2023-12-27,320.5347,330.3827,,,
cbsl,2023-12-28,319.1454,328.8731,,,
cbsl,2023-12-29,319.1762,328.7784,,,
cbsl,2024-01-01,319.2318,328.7784,,,
cbsl,2024-01-02,316.9283,326.8587,,,
cbsl,2024-01-03,316.9955,326.6933,,,
cbsl,2024-01-04,317.76,327.3976,,,
cbsl,2024-01-05,317.7632,327.461,,,
cbsl,2024-01-08,317.7764,327.4478,,,
cbsl,2024-01-09,317.7816,327.4005,,,
cbsl,2024-01-10,317.8334,327.5427,,,
cbsl,2024-01-11,318.0763,327.6431,,,
cbsl,2024-01-12,317.7976,327.3582,,,
cbsl,2024-01-16,317.3574,327.189,,,
cbsl,2024-01-17,316.7872,326.4384,,,
cbsl,2024-01-18,316.0759,325.6904,,,
cbsl,2024-01-19,315.9284,326.06,,,
cbsl,2024-01-22,315.5076,325.3792,,,
cbsl,2024-01-23,315.0324,324.8287,,,
cbsl,2024-01-24,314.9824,324.7787,,,
cbsl,2024-01-26,313.1731,323.1775,,,
cbsl,2024-01-29,312.6759,322.7716,,,
cbsl,2024-01-30,312.818,322.7398,,,
cbsl,2024-01-31,312.0964,321.8542,,,
cbsl,2024-02-01,310.5415,320.4082,,,
cbsl,2024-02-02,307.1762,316.9979,,,
cbsl,2024-02-05,307.7088,317.2528,,,
cbsl,2024-02-06,307.7464,317.6567,,,
cbsl,2024-02-07,308.5698,318.6869,,,
cbsl,2024-02-08,308.4949,318.5839,,,
cbsl,2024-02-09,308.3194,318.2311,,,
cbsl,2024-02-12,308.199,317.8272,,,
cbsl,2024-02-13,308.5844,318.4655,,,
cbsl,2024-02-14,308.2669,318.1678,,,
cbsl,2024-02-15,308.2195,318.0679,,,
cbsl,2024-02-16,307.7043,317.762,,,
cbsl,2024-02-19,307.4708,317.2903,,,
cbsl,2024-02-20,307.3445,317.1692,,,
cbsl,2024-02-21,307.1414,316.8174,,,
cbsl,2024-02-22,306.5399,316.0679,,,
cbsl,2024-02-26,306.0865,315.8517,,,
cbsl,2024-02-27,306.0623,315.7299,,,
cbsl,2024-02-28,305.5624,315.2986,,,
cbsl,2024-02-29,305.1682,314.8771,,,
cbsl,2024-03-01,304.7116,314.2362,,,
cbsl,2024-03-04,303.8123,313.4131,,,
cbsl,2024-03-05,303.0472,312.6876,,,
cbsl,2024-03-06,302.9735,312.6086,,,
cbsl,2024-03-07,303.0947,312.4368,,,
cbsl,2024-03-11,302.6227,311.9825,,,
cbsl,2024-03-12,302.0716,311.45,,,
cbsl,2024-03-13,301.7622,311.0041,,,
cbsl,2024-03-14,301.013,310.6428,,,
cbsl,2024-03-15,300.6026,310.2053,,,
cbsl,2024-03-18,300.0562,309.6749,,,
cbsl,2024-03-19,299.294,308.9065,,,
cbsl,2024-03-20,299.1361,308.7249,,,
cbsl,2024-03-21,299.0465,308.8069,,,
cbsl,2024-03-22,298.9909,308.6902,,,
cbsl,2024-03-25,298.4579,307.9921,,,
cbsl,2024-03-26,297.6319,307.3326,,,
cbsl,2024-03-27,296.7631,306.3453,,,
cbsl,2024-03-28,295.5429,305.3339,,,
cbsl,2024-04-01,295.575,305.1018,,,
cbsl,2024-04-02,295.2015,304.9073,,,
cbsl,2024-04-03,295.2486,304.6043,,,
cbsl,2024-04-04,295.0963,304.5631,,,
cbsl,2024-04-05,294.9271,304.2846,,,
cbsl,2024-04-08,294.3442,303.8976,,,
cbsl,2024-04-09,294.0863,303.4415,,,
cbsl,2024-04-10,293.6852,303.3335,,,
cbsl,2024-04-15,293.7979,303.2586,,,
cbsl,2024-04-16,294.2057,303.5476,,,
cbsl,2024-04-17,295.28,305.1931,,,
cbsl,2024-04-18,296.903,306.4145,,,
cbsl,2024-04-19,296.8792,306.5961,,,
cbsl,2024-04-22,297.0024,306.4586,,,
cbsl,2024-04-24,295.4376,305.393,,,
cbsl,2024-04-25,292.7078,302.5848,,,
cbsl,2024-04-26,291.877,301.2928,,,
cbsl,2024-04-29,291.5224,300.9597,,,
cbsl,2024-04-30,293.4489,302.76,,,
cbsl,2024-05-02,292.6868,302.3542,,,
cbsl,2024-05-03,292.129,301.9031,,,
cbsl,2024-05-06,292.0793,302.304,,,
cbsl,2024-05-07,293.8542,303.0127,,,
cbsl,2024-05-08,294.3822,303.9272,,,
cbsl,2024-05-09,293.8242,303.3789,,,
cbsl,2024-05-10,293.7297,303.384,,,
cbsl,2024-05-13,294.1501,303.7846,,,
cbsl,2024-05-14,295.6765,305.2385,,,
cbsl,2024-05-15,296.7431,306.428,,,
cbsl,2024-05-16,297.3178,307.0361,,,
cbsl,2024-05-17,295.8026,305.1511,,,
cbsl,2024-05-20,294.9261,304.5972,,,
cbsl,2024-05-21,294.7827,304.3151,,,
cbsl,2024-05-22,294.8231,304.4801,,,
cbsl,2024-05-27,295.3789,304.9953,,,
cbsl,2024-05-28,295.8074,305.4195,,,
cbsl,2024-05-29,296.83,306.4442,,,
cbsl,2024-05-30,296.8721,306.4863,,,
cbsl,2024-05-31,296.9774,306.5863,,,
cbsl,2024-06-03,297.0726,306.67,,,
cbsl,2024-06-04,297.1489,306.8239,,,
cbsl,2024-06-05,297.293,306.8807,,,
cbsl,2024-06-06,297.5664,307.0499,,,
cbsl,2024-06-07,297.8373,307.4417,,,
cbsl,2024-06-10,297.9364,307.5273,,,
cbsl,2024-06-11,298.4565,308.0019,,,
cbsl,2024-06-12,298.7951,308.2634,,,
cbsl,2024-06-13,299.0081,308.4819,,,
cbsl,2024-06-14,299.0423,308.5156,,,
cbsl,2024-06-18,299.3132,308.6531,,,
cbsl,2024-06-19,300.2063,309.6304,,,
cbsl,2024-06-20,300.6388,310.0538,,,
cbsl,2024-06-24,300.5658,309.8847,,,
cbsl,2024-06-25,300.5423,309.8056,,,
cbsl,2024-06-26,300.526,309.7877,,,
cbsl,2024-06-27,300.6997,309.8352,,,
cbsl,2024-06-28,301.0183,310.3533,,,
cbsl,2024-07-01,301.3772,310.6444,,,
cbsl,2024-07-02,300.3979,309.6342,,,
cbsl,2024-07-03,298.7262,308.1754,,,
cbsl,2024-07-04,299.6873,308.9221,,,
cbsl,2024-07-05,300.0612,309.3025,,,
cbsl,2024-07-08,300.0255,309.2202,,,
cbsl,2024-07-09,299.791,309.1277,,,
cbsl,2024-07-10,299.2616,308.5052,,,
cbsl,2024-07-11,299.0467,308.3411,,,
cbsl,2024-07-12,298.2749,307.4603,,,
cbsl,2024-07-15,297.1963,306.4074,,,
cbsl,2024-07-16,297.7381,307.0529,,,
cbsl,2024-07-17,299.1543,308.463,,,
cbsl,2024-07-18,299.2042,308.5274,,,
cbsl,2024-07-19,299.235,308.5317,,,
cbsl,2024-07-22,298.8995,308.1989,,,
cbsl,2024-07-23,299.2958,308.5447,,,
cbsl,2024-07-24,299.0799,308.3906,,,
cbsl,2024-07-25,298.9498,308.2486,,,
cbsl,2024-07-26,298.7131,307.9537,,,
cbsl,2024-07-29,298.485,307.7765,,,
cbsl,2024-07-30,298.0989,307.3942,,,
cbsl,2024-07-31,297.8582,307.1744,,,
cbsl,2024-08-01,297.7928,307.0819,,,
cbsl,2024-08-02,297.643,306.9317,,,
cbsl,2024-08-05,297.339,306.6515,,,
cbsl,2024-08-06,297.6981,306.9872,,,
cbsl,2024-08-07,297.5065,306.7677,,,
cbsl,2024-08-08,297.0104,306.2824,,,
cbsl,2024-08-09,296.286,305.4598,,,
cbsl,2024-08-12,295.4154,304.6641,,,
cbsl,2024-08-13,295.0812,304.2751,,,
cbsl,2024-08-14,294.5495,303.82,,,
cbsl,2024-08-15,294.5113,303.7761,,,
cbsl,2024-08-16,294.316,303.5267,,,
cbsl,2024-08-20,294.3604,303.5775,,,
cbsl,2024-08-21,295.2072,304.4523,,,
cbsl,2024-08-22,295.7249,305.0419,,,
cbsl,2024-08-23,296.5514,305.8076,,,
cbsl,2024-08-26,295.3731,304.6485,,,
cbsl,2024-08-27,296.368,305.6146,,,
cbsl,2024-08-28,295.8172,305.0549,,,
cbsl,2024-08-29,295.9008,305.1266,,,
cbsl,2024-08-30,295.3866,304.5824,,,
cbsl,2024-09-02,294.7836,303.8481,,,
cbsl,2024-09-03,294.6561,303.8345,,,
cbsl,2024-09-04,294.4895,303.7063,,,
cbsl,2024-09-05,294.366,303.5903,,,
cbsl,2024-09-06,294.1826,303.3974,,,
cbsl,2024-09-09,294.5968,303.8148,,,
cbsl,2024-09-10,296.9231,306.3564,,,
cbsl,2024-09-11,296.0824,305.3639,,,
cbsl,2024-09-12,296.4174,305.6915,,,
cbsl,2024-09-13,296.4599,305.778,,,
cbsl,2024-09-18,297.7271,307.0166,,,
cbsl,2024-09-19,299.2026,308.5712,,,
cbsl,2024-09-20,299.9417,309.2309,,,
cbsl,2024-09-23,300.18,309.2836,,,
cbsl,2024-09-24,299.7192,309.085,,,
cbsl,2024-09-25,297.9555,307.3183,,,
cbsl,2024-09-26,295.8071,304.915,,,
cbsl,2024-09-27,295.303,304.3376,,,
cbsl,2024-09-30,293.5054,302.5647,,,
cbsl,2024-10-01,292,301.0564,,,
cbsl,2024-10-02,290.3097,299.3572,,,
cbsl,2024-10-03,291.9436,301.1694,,,
cbsl,2024-10-04,289.4949,298.4983,,,
cbsl,2024-10-07,289.5779,298.687,,,
cbsl,2024-10-08,288.9611,298.0322,,,
cbsl,2024-10-09,288.5806,297.6233,,,
cbsl,2024-10-10,288.6646,297.6682,,,
cbsl,2024-10-11,288.4602,297.4621,,,
cbsl,2024-10-14,288.5097,297.4942,,,
cbsl,2024-10-15,289.1796,298.1775,,,
cbsl,2024-10-16,288.9191,297.919,,,
cbsl,2024-10-18,288.5261,297.5357,,,
cbsl,2024-10-21,288.6142,297.6054,,,
cbsl,2024-10-22,288.6592,297.6578,,,
cbsl,2024-10-23,288.6278,297.6261,,,
cbsl,2024-10-24,289.0028,298.1109,,,
cbsl,2024-10-25,289.1548,298.2096,,,
cbsl,2024-10-28,289.0657,298.114,,,
cbsl,2024-10-29,289.0815,298.1697,,,
cbsl,2024-10-30,289.063,298.1487,,,
cbsl,2024-11-01,288.5988,297.6445,,,
cbsl,2024-11-04,288.5542,297.6042,,,
cbsl,2024-11-05,288.6776,297.7236,,,
cbsl,2024-11-06,288.5439,297.6284,,,
cbsl,2024-11-07,288.4047,297.4881,,,
cbsl,2024-11-08,288.132,297.1876,,,
cbsl,2024-11-11,288.1635,297.1536,,,
cbsl,2024-11-12,288.1975,297.2248,,,
cbsl,2024-11-13,287.9534,296.9762,,,
cbsl,2024-11-14,287.7253,296.726,,,
cbsl,2024-11-18,287.4951,296.4799,,,
cbsl,2024-11-19,286.7471,295.7679,,,
cbsl,2024-11-20,286.5525,295.5988,,,
cbsl,2024-11-21,286.5445,295.5515,,,
cbsl,2024-11-22,286.4406,295.4521,,,
cbsl,2024-11-25,286.5102,295.5174,,,
cbsl,2024-11-26,286.6622,295.6702,,,
cbsl,2024-11-27,286.7016,295.6966,,,
cbsl,2024-11-28,286.5734,295.5806,,,
cbsl,2024-11-29,286.3163,295.045,,,
cbsl,2024-12-02,286.3962,294.973,,,
cbsl,2024-12-03,286.3884,294.9861,,,
cbsl,2024-12-04,286.192,294.808,,,
cbsl,2024-12-05,286.0964,294.6938,,,
cbsl,2024-12-06,286.021,294.618,,,
cbsl,2024-12-09,286.1018,294.7043,,,
cbsl,2024-12-10,286.021,294.6338,,,
cbsl,2024-12-11,285.9946,294.6048,,,
cbsl,2024-12-12,285.9466,294.5168,,,
cbsl,2024-12-13,285.9209,294.491,,,
cbsl,2024-12-16,285.9908,294.561,,,
cbsl,2024-12-17,286.4435,295.0915,,,
cbsl,2024-12-18,286.8689,295.5003,,,
cbsl,2024-12-19,287.4564,296.0725,,,
cbsl,2024-12-20,288.5761,297.3339,,,
cbsl,2024-12-23,289.7312,298.5262,,,
cbsl,2024-12-24,292.2525,300.9844,,,
cbsl,2024-12-26,290.7182,299.5208,,,
cbsl,2024-12-27,289.4972,298.295,,,
cbsl,2024-12-30,288.3393,297.0686,,,
cbsl,2024-12-31,288.3293,297.0162,,,
cbsl,2025-01-01,289.0808,297.6536,,,
cbsl,2025-01-02,289.0044,297.5884,,,
cbsl,2025-01-03,289.0755,297.641,,,
cbsl,2025-01-06,289.721,298.4165,,,
cbsl,2025-01-07,291.3228,299.9224,,,
cbsl,2025-01-08,286.4663,300.5203,,,
cbsl,2025-01-09,291.7598,300.3145,,,
cbsl,2025-01-10,290.6412,299.2063,,,
cbsl,2025-01-15,290.7448,299.2836,,,
cbsl,2025-01-16,291.3844,299.9321,,,
cbsl,2025-01-17,292.2195,300.6917,,,
cbsl,2025-01-20,292.2957,300.8181,,,
cbsl,2025-01-21,292.8301,301.3321,,,
cbsl,2025-01-22,293.4537,302.02,,,
cbsl,2025-01-23,294.4667,303.245,,,
cbsl,2025-01-24,294.4174,303.1063,,,
cbsl,2025-01-27,294.0153,302.7727,,,
cbsl,2025-01-28,294.1801,302.8942,,,
cbsl,2025-01-29,292.9214,301.6055,,,
cbsl,2025-01-30,292.4561,301.1598,,,
cbsl,2025-01-31,293.2328,301.9936,,,
cbsl,2025-02-03,294.4739,303.1114,,,
cbsl,2025-02-05,295.514,304.1372,,,
cbsl,2025-02-06,294.5084,303.1764,,,
cbsl,2025-02-07,294.2414,302.8981,,,
cbsl,2025-02-10,293.1833,301.7436,,,
cbsl,2025-02-11,292.7919,301.3398,,,
cbsl,2025-02-13,292.6159,301.1953,,,
cbsl,2025-02-14,291.5757,300.1249,,,
cbsl,2025-02-17,291.3447,299.9921,,,
cbsl,2025-02-18,291.2807,299.8141,,,
cbsl,2025-02-19,292.5502,301.1649,,,
cbsl,2025-02-20,292.729,301.3006,,,
cbsl,2025-02-21,291.7722,300.3068,,,
cbsl,2025-02-24,291.5126,300.088,,,
cbsl,2025-02-25,291.439,300.0011,,,
cbsl,2025-02-27,291.4049,299.98,,,
cbsl,2025-02-28,291.1925,299.7397,,,
cbsl,2025-03-03,291.0558,299.616,,,
cbsl,2025-03-04,290.9982,299.5914,,,
cbsl,2025-03-05,290.9511,299.518,,,
cbsl,2025-03-06,291.3211,299.8506,,,
cbsl,2025-03-07,291.3003,299.8398,,,
cbsl,2025-03-10,291.253,299.7924,,,
cbsl,2025-03-11,291.2609,299.8003,,,
cbsl,2025-03-12,291.2556,299.7977,,,
cbsl,2025-03-14,291.2556,299.7977,,,
cbsl,2025-03-17,292.5401,300.9558,,,
cbsl,2025-03-18,292.0043,300.6011,,,
cbsl,2025-03-19,291.8071,300.3172,,,
cbsl,2025-03-20,292.1879,300.6864,,,
cbsl,2025-03-21,292.259,300.7575,,,
cbsl,2025-03-24,292.4009,300.9156,,,
cbsl,2025-03-25,292.4845,301.0025,,,
cbsl,2025-03-26,292.3299,300.8497,,,
cbsl,2025-03-27,292.1064,300.6258,,,
cbsl,2025-03-28,292.0669,300.5806,,,
cbsl,2025-04-01,291.9591,300.4758,,,
cbsl,2025-04-02,291.8882,300.3935,,,
cbsl,2025-04-03,292.0185,300.6875,,,
cbsl,2025-04-04,292.5116,301.1496,,,
cbsl,2025-04-07,292.4976,301.0425,,,
cbsl,2025-04-08,293.4455,302.1451,,,
cbsl,2025-04-09,295.8628,304.4215,,,
cbsl,2025-04-10,294.1305,303.2612,,,
cbsl,2025-04-11,294.2887,303.1241,,,
cbsl,2025-04-16,293.9185,302.6158,,,
cbsl,2025-04-17,294.3851,303.0313,,,
cbsl,2025-04-21,294.6708,303.3271,,,
cbsl,2025-04-22,295.1061,303.7968,,,
cbsl,2025-04-23,295.4634,304.1056,,,
cbsl,2025-04-24,295.508,304.1636,,,
cbsl,2025-04-25,295.5682,304.2318,,,
cbsl,2025-04-28,295.3978,304.0396,,,
cbsl,2025-04-29,295.3977,303.7976,,,
cbsl,2025-04-30,295.3908,303.7534,,,
cbsl,2025-05-02,295.1794,303.7007,,,
cbsl,2025-05-05,295.2043,303.6974,,,
cbsl,2025-05-06,295.1849,303.6784,,,
cbsl,2025-05-07,295.3067,303.6686,,,
cbsl,2025-05-08,295.0738,303.564,,,
cbsl,2025-05-09,294.8838,303.2446,,,
cbsl,2025-05-14,294.6973,303.0575,,,
cbsl,2025-05-15,294.3475,302.7226,,,
cbsl,2025-05-16,294.3034,302.6561,,,
cbsl,2025-05-19,294.9858,303.4859,,,
cbsl,2025-05-20,295.8167,304.3295,,,
cbsl,2025-05-21,296.2017,304.6104,,,
cbsl,2025-05-22,295.4193,303.7981,,,
cbsl,2025-05-23,295.1831,303.5843,,,
cbsl,2025-05-26,295.2405,303.7056,,,
cbsl,2025-05-27,295.4449,303.929,,,
cbsl,2025-05-28,295.5596,304.0121,,,
cbsl,2025-05-29,295.3093,303.7924,,,
cbsl,2025-05-30,295.1744,303.6807,,,
cbsl,2025-06-02,295.3567,303.7455,,,
cbsl,2025-06-03,295.3751,303.7113,,,
cbsl,2025-06-04,295.2542,303.6159,,,
cbsl,2025-06-05,295.1542,303.4842,,,
cbsl,2025-06-06,294.9831,303.4025,,,
cbsl,2025-06-09,294.9944,303.3183,,,
cbsl,2025-06-11,294.9734,303.2972,,,
cbsl,2025-06-12,294.8708,303.1787,,,
cbsl,2025-06-13,294.9918,303.2999,,,
cbsl,2025-06-16,295.7511,304.0563,,,
cbsl,2025-06-17,296.8621,305.2326,,,
cbsl,2025-06-18,296.82,305.1979,,,
cbsl,2025-06-19,296.4263,304.7706,,,
cbsl,2025-06-20,296.5205,304.8843,,,
cbsl,2025-06-23,296.5605,304.9807,,,
cbsl,2025-06-24,296.672,305.0691,,,
cbsl,2025-06-25,296.2475,304.6388,,,
cbsl,2025-06-26,295.8582,304.2223,,,
cbsl,2025-06-27,295.8606,304.1884,,,
cbsl,2025-06-30,295.8348,304.1589,,,
cbsl,2025-07-01,295.9104,304.2912,,,
cbsl,2025-07-02,295.8616,304.2846,,,
cbsl,2025-07-03,295.8533,304.2734,,,
cbsl,2025-07-04,296.1321,304.0227,,,
cbsl,2025-07-07,296.2488,303.9728,,,
cbsl,2025-07-08,297.3669,305.0278,,,
cbsl,2025-07-09,297.0614,304.6613,,,
cbsl,2025-07-11,296.8506,304.436,,,
cbsl,2025-07-14,297.1393,304.7196,,,
cbsl,2025-07-15,297.2345,304.7371,,,
cbsl,2025-07-16,297.305,304.8108,,,
cbsl,2025-07-17,297.6467,305.1196,,,
cbsl,2025-07-18,297.6835,305.2223,,,
cbsl,2025-07-21,297.8802,305.4198,,,
cbsl,2025-07-22,297.988,305.5256,,,
cbsl,2025-07-23,297.996,305.5172,,,
cbsl,2025-07-24,298.0302,305.565,,,
cbsl,2025-07-25,298.0459,305.5809,,,
cbsl,2025-07-28,298.1274,305.6652,,,
cbsl,2025-07-29,298.1872,305.7939,,,
cbsl,2025-07-30,298.303,305.8575,,,
cbsl,2025-07-31,298.3293,305.8759,,,
cbsl,2025-08-01,298.1746,305.789,,,
cbsl,2025-08-04,297.4318,305.0923,,,
cbsl,2025-08-05,297.2128,304.7188,,,
cbsl,2025-08-06,297.1004,304.6196,,,
cbsl,2025-08-07,297.0504,304.719,,,
cbsl,2025-08-11,296.8184,304.6423,,,
cbsl,2025-08-12,297.0754,304.6112,,,
cbsl,2025-08-13,297.2108,304.7082,,,
cbsl,2025-08-14,297.1871,304.6897,,,
cbsl,2025-08-15,297.3496,304.8688,,,
cbsl,2025-08-18,297.258,304.8142,,,
cbsl,2025-08-19,297.502,305.0432,,,
cbsl,2025-08-20,297.7433,305.2961,,,
cbsl,2025-08-21,297.916,305.5639,,,
cbsl,2025-08-22,298.1279,305.6536,,,
cbsl,2025-08-25,298.2358,305.7616,,,
cbsl,2025-08-26,298.4738,306.0118,,,
cbsl,2025-08-27,298.4923,306.0307,,,
cbsl,2025-08-28,298.6483,306.1754,,,
cbsl,2025-08-29,298.6273,306.1596,,,
cbsl,2025-09-01,298.3056,305.8196,,,
cbsl,2025-09-02,298.2426,305.8206,,,
cbsl,2025-09-03,298.4404,305.9669,,,
cbsl,2025-09-04,298.2924,305.8275,,,
cbsl,2025-09-08,298.2616,305.7695,,,
cbsl,2025-09-09,298.259,305.7668,,,
cbsl,2025-09-10,298.2463,305.7537,,,
cbsl,2025-09-11,298.2674,305.7747,,,
cbsl,2025-09-12,298.1194,305.6536,,,
cbsl,2025-09-15,298.2516,305.7773,,,
cbsl,2025-09-16,298.3161,305.8511,,,
cbsl,2025-09-17,298.2977,305.8327,,,
cbsl,2025-09-18,298.2306,305.7537,,,
cbsl,2025-09-19,298.2767,305.809,,,
cbsl,2025-09-22,298.658,306.1729,,,
cbsl,2025-09-23,298.722,306.2491,,,
cbsl,2025-09-24,298.7641,306.278,,,
cbsl,2025-09-25,298.8575,306.0913,,,
cbsl,2025-09-26,298.8679,306.1151,,,
cbsl,2025-09-29,298.7693,306.2965,,,
cbsl,2025-09-30,298.7784,306.2994,,,
cbsl,2025-10-01,298.7904,306.2912,,,
cbsl,2025-10-02,298.7798,306.2781,,,
cbsl,2025-10-03,298.7693,306.2675,,,
cbsl,2025-10-07,298.7404,306.2386,,,
cbsl,2025-10-08,298.7889,306.2968,,,
cbsl,2025-10-09,298.9214,306.3939,,,
cbsl,2025-10-10,298.9845,306.4597,,,
cbsl,2025-10-13,298.8846,306.3702,,,
cbsl,2025-10-14,298.8494,306.331,,,
cbsl,2025-10-15,299.0754,306.5607,,,
cbsl,2025-10-16,299.1596,306.6449,,,
cbsl,2025-10-17,299.245,306.7603,,,
cbsl,2025-10-21,299.2292,306.7182,,,
cbsl,2025-10-22,299.3865,306.8656,,,
cbsl,2025-10-23,299.8008,307.1427,,,
cbsl,2025-10-24,299.8138,307.3223,,,
cbsl,2025-10-27,299.9868,307.5172,,,
cbsl,2025-10-28,300.4858,308.009,,,
cbsl,2025-10-29,300.4515,307.9432,,,
cbsl,2025-10-30,300.6962,308.2056,,,
cbsl,2025-10-31,300.6121,308.1077,,,
cbsl,2025-11-03,300.7068,308.1977,,,
cbsl,2025-11-04,300.7173,308.2082,,,
cbsl,2025-11-06,300.9744,308.5374,,,
cbsl,2025-11-07,301.1033,308.6506,,,
cbsl,2025-11-10,301.098,308.5743,,,
cbsl,2025-11-11,300.5068,307.9643,,,
cbsl,2025-11-12,300.5885,308.0733,,,
cbsl,2025-11-13,300.8487,308.3478,,,
cbsl,2025-11-14,301.9112,309.6114,,,
cbsl,2025-11-17,303.1511,310.858,,,
cbsl,2025-11-18,303.3219,311.0029,,,
cbsl,2025-11-19,304.3465,311.9177,,,
cbsl,2025-11-20,304.4463,312.0048,,,
cbsl,2025-11-21,304.2758,311.8332,,,
cbsl,2025-11-24,304.1023,311.6461,,,
cbsl,2025-11-25,304.0655,311.5829,,,
cbsl,2025-11-26,304.2022,311.7594,,,
cbsl,2025-11-27,304.2258,311.7832,,,
cbsl,2025-11-28,304.2467,311.8044,,,
cbsl,2025-12-01,304.391,311.9496,,,
cbsl,2025-12-02,304.8169,312.3894,,,
cbsl,2025-12-03,305.048,312.6214,,,
cbsl,2025-12-05,305.0008,312.5739,,,
cbsl,2025-12-08,304.8091,312.3946,,,
cbsl,2025-12-09,304.83,312.4026,,,
cbsl,2025-12-10,304.851,312.4237,,,
cbsl,2025-12-11,305.0376,312.6108,,,
cbsl,2025-12-12,305.3238,312.9114,,,
cbsl,2025-12-15,305.3475,312.9482,,,
cbsl,2025-12-16,305.5704,313.1685,,,
cbsl,2025-12-17,305.6811,313.2962,,,
cbsl,2025-12-18,305.8439,313.4597,,,
cbsl,2025-12-19,305.6312,313.2461,,,
cbsl,2025-12-22,305.7285,313.3304,,,
cbsl,2025-12-23,305.7625,313.3516,,,
cbsl,2025-12-24,305.8097,313.3991,,,
cbsl,2025-12-26,305.8098,313.3991,,,
cbsl,2025-12-29,305.8808,313.4702,,,
cbsl,2025-12-30,306.1279,313.7178,,,
cbsl,2025-12-31,306.2933,313.8313,,,
cbsl,2026-01-01,305.8354,313.4295,,,
cbsl,2026-01-02,305.7389,313.2752,,,
cbsl,2026-01-05,306.1175,313.6282,,,
cbsl,2026-01-06,306.2303,313.768,,,
cbsl,2026-01-07,306.2802,313.8181,,,
cbsl,2026-01-08,306.3248,313.8457,,,
cbsl,2026-01-09,305.6261,313.1618,,,
cbsl,2026-01-12,305.5393,313.0748,,,
cbsl,2026-01-13,305.3503,312.8849,,,
cbsl,2026-01-14,305.4368,312.972,,,
cbsl,2026-01-16,305.6708,313.2065,,,
cbsl,2026-01-19,305.957,313.494,,,
cbsl,2026-01-20,305.9544,313.4913,,,
cbsl,2026-01-21,305.8941,313.4306,,,
cbsl,2026-01-22,305.9544,313.4913,,,
cbsl,2026-01-23,305.9728,313.5098,,,
cbsl,2026-01-26,306.0306,313.5677,,,
cbsl,2026-01-27,305.8337,313.3699,,,
cbsl,2026-01-28,305.9807,313.5176,,,
cbsl,2026-01-29,305.9414,313.478,,,
cbsl,2026-01-30,305.6681,313.2039,,,
cbsl,2026-02-02,305.5893,313.1248,,,
cbsl,2026-02-03,305.8389,313.3753,,,
cbsl,2026-02-05,305.789,313.3251,,,
cbsl,2026-02-06,305.6576,313.1934,,,
cbsl,2026-02-09,305.726,313.2618,,,
cbsl,2026-02-10,305.7602,313.2961,,,
cbsl,2026-02-11,305.6707,313.2066,,,
cbsl,2026-02-12,305.6498,313.1854,,,
cbsl,2026-02-13,305.5237,313.0589,,,
cbsl,2026-02-16,305.479,313.0141,,,
cbsl,2026-02-17,305.4869,313.022,,,
cbsl,2026-02-18,305.6761,313.2117,,,
cbsl,2026-02-19,305.6366,313.146,,,
cbsl,2026-02-20,305.5841,313.0932,,,
cbsl,2026-02-23,305.6182,313.1434,,,
cbsl,2026-02-24,305.6919,313.2012,,,
cbsl,2026-02-25,305.584,313.0933,,,
cbsl,2026-02-26,305.5941,313.0869,,,
cbsl,2026-02-27,305.5642,313.0569,,,
cbsl,2026-03-03,305.7029,313.3818,,,
cbsl,2026-03-04,306.2201,313.9156,,,
cbsl,2026-03-05,306.8087,314.2395,,,
cbsl,2026-03-06,307.5335,315.1016,,,
cbsl,2026-03-09,307.4093,314.9894,,,
cbsl,2026-03-10,307.6185,315.1941,,,
cbsl,2026-03-11,307.187,314.863,,,
cbsl,2026-03-12,307.1786,314.8701,,,
cbsl,2026-03-13,307.1864,314.8887,,,
cbsl,2026-03-16,307.5208,315.1366,,,
cbsl,2026-03-17,307.7302,315.3022,,,
cbsl,2026-03-18,307.5471,315.0708,,,
cbsl,2026-03-19,307.5807,315.1228,,,
cbsl,2026-03-20,307.8169,315.3602,,,
cbsl,2026-03-23,308.3602,315.9406,,,
cbsl,2026-03-24,310.0293,317.4609,,,
cbsl,2026-03-25,309.914,317.4236,,,
cbsl,2026-03-26,310.3233,317.809,,,
cbsl,2026-03-27,310.6542,318.1938,,,
cbsl,2026-03-30,310.7248,318.599,,,
cbsl,2026-03-31,311.7664,319.312,,,
cbsl,2026-04-02,311.763,319.2903,,,
cbsl,2026-04-06,311.7395,319.2559,,,
cbsl,2026-04-07,311.7263,319.2533,,,
cbsl,2026-04-08,311.5323,318.9724,,,
cbsl,2026-04-09,311.6185,319.0874,,,
cbsl,2026-04-10,311.7997,319.2693,,,
cbsl,2026-04-15,311.7866,319.2614,,,
cbsl,2026-04-16,311.8103,319.2798,,,
cbsl,2026-04-17,312.2287,319.7445,,,
cbsl,2026-04-20,312.8322,320.2736,,,
cbsl,2026-04-21,312.8964,320.3926,,,
cbsl,2026-04-22,312.9772,320.7202,,,
cbsl,2026-04-23,313.623,321.0932,,,
cbsl,2026-04-24,314.0369,321.8767,,,
cbsl,2026-04-27,314.5714,322.2761,,,
cbsl,2026-04-28,314.999,322.7579,,,
cbsl,2026-04-29,315.546,323.2624,,,
cbsl,2026-04-30,315.8712,323.8049,,,
cbsl,2026-05-04,315.7008,323.8804,,,
cbsl,2026-05-05,316.0475,323.7445,,,
cbsl,2026-05-06,316.408,324.0396,,,
cbsl,2026-05-07,317.2692,324.8705,,,
cbsl,2026-05-08,317.8692,325.5338,,,
cbsl,2026-05-11,318.0363,325.6481,,,
cbsl,2026-05-12,318.5751,326.1274,,,
cbsl,2026-05-13,319.7714,327.3868,,,
cbsl,2026-05-14,322.2875,329.9201,,,
cbsl,2026-05-15,323.5345,331.1572,,,
cbsl,2026-05-18,326.7405,334.2668,,,
cbsl,2026-05-19,328.2351,338.0729,,,
cbsl,2026-05-20,332.0898,342.703,,,
cbsl,2026-05-21,342.6353,354.035,,,
cbsl,2026-05-22,342.6799,353.1723,,,
cbsl,2026-05-25,326.0127,336.4221,,,
cbsl,2026-05-26,318.3218,328.6936,,,
cbsl,2026-05-27,320.4057,330.818,,,
cbsl,2026-05-29,324.455,334.2444,,,
cbsl,2026-06-01,325.9782,335.7046,,,
cbsl,2026-06-02,326.7561,336.6059,,,
cbsl,2026-06-03,328.0033,337.9794,,,
cbsl,2026-06-04,330.1013,340.2566,,,
cbsl,2026-06-05,332.2768,342.0032,,,
cbsl,2026-06-08,331.2241,341.0411,,,
cbsl,2026-06-09,332.3805,342.0821,,,
cbsl,2026-06-10,324.6604,335.397,,,
cbsl,2026-06-11,327.6794,337.8279,,,
cbsl,2026-06-12,331.4206,341.3641,,,
cbsl,2026-06-15,326.346,336.5827,,,
cbsl,2026-06-16,328.2969,338.223,,,
cbsl,2026-06-17,330.0254,339.9083,,,
cbsl,2026-06-18,329.1875,339.0672,,,
cbsl,2026-06-19,328.8515,338.7004,,,
cbsl,2026-06-22,329.3058,339.0659,,,
cbsl,2026-06-23,329.6534,339.4956,,,
cbsl,2026-06-24,330.3515,340.0685,,,
cbsl,2026-06-25,332.3416,342.0372,,,
cbsl,2026-06-26,332.2217,341.8794,,,
cbsl,2026-06-30,331.6619,341.3051,,,
cbsl,2026-07-01,331.5503,341.0913,,,
cbsl,2026-07-02,331.587,341.0964,,,
cbsl,2026-07-03,330.9695,340.4482,,,
cbsl,2026-07-06,330.3999,339.8836,,,
cbsl,2026-07-07,330.053,339.5963,,,
cbsl,2026-07-08,330.2889,339.7382,,,
cbsl,2026-07-09,331.3476,340.8686,,,
cbsl,2026-07-10,331.1067,340.7016,,,
cbsl,2026-07-13,331.0454,340.4816,,,
cbsl,2026-07-14,331.5082,340.9227,,,
cbsl,2026-07-15,331.6264,340.9886,,,
cbsl,2026-07-16,331.6711,341.0835,,,
cbsl,2026-07-17,331.4266,340.7885,,,
cbsl,2026-07-20,331.5003,340.9069,,,
cbsl,2026-07-21,331.5606,340.9492,,,
cbsl,2026-07-22,331.7866,341.0442,,,
cbsl,2026-07-23,331.6477,340.8782,,,
cbsl,2026-07-24,331.6265,340.7938,,,
cbsl,2026-07-27,331.6659,340.8334,,,
cbsl,2026-07-28,331.5976,340.7122,,,
cbsl,2026-07-30,331.482,340.5936,,,
cbsl,2026-07-31,331.206,340.3301,,,
cbsl,2026-08-03,331.1353,340.2587,,,
cbsl,2026-08-04,331.1455,340.2116,,,
cbsl,2026-08-05,331.0851,340.1378,,,
cbsl,2026-08-06,330.938,340.0296,,,
cbsl,2026-08-07,331.0154,340.1598,,,
cbsl,2026-08-10,330.883,339.9478,,,
cbsl,2026-08-11,330.3351,339.582,,,
cbsl,2026-08-12,329.9453,339.0332,,,
cbsl,2026-08-13,329.4317,338.5788,,,
cbsl,2026-08-14,329.0389,337.9922,,,
cbsl,2026-08-17,328.2796,337.3489,,,
cbsl,2026-08-18,327.405,336.484,,,
cbsl,2026-08-19,327.4104,336.4891,,,
cbsl,2026-08-20,326.0526,335.0074,,,
cbsl,2026-08-21,325.1086,334.2331,,,
cbsl,2026-08-24,324.5454,333.5962,,,
cbsl,2026-08-25,324.0793,333.1728,,,
cbsl,2026-08-28,323.5157,332.6643,,,
cbsl,2026-08-31,323.4208,332.4895,,,
boc,2026-09-18,327.2,336.2,327.2,336.2,
cbsl,2026-09-18,,,,,332.1338
combank,2026-09-18,326,334,324.09,334,
dfcc,2026-09-18,325.75,335.25,324.5,336.5,
ndb,2026-09-18,327,336,327,336,
nsb,2026-09-18,327.5,335.5,324,336.5,
ntb,2026-09-18,325.01,335.99,322.58,335.99,
peoples,2026-09-18,327.1541,334.7966,326.9251,335.0309,
sampath,2026-09-18,326.25,334.25,326,,
seylan,2026-09-18,328.15,335.15,327.4,336.65,
